team,player,touches_for,touches_opp_box_for,passes_attempted_for,passes_completed_for,open_play_passes_for,passes_forward_for,passes_backward_for,passes_sideways_for,passes_opp_half_for,passes_own_half_for,crosses_attempted_for,crosses_completed_for,long_passes_attempted_for,long_passes_completed_for,through_balls_for,corners_for,chances_created_for,assists_for,shots_for,shots_on_target_for,shots_off_target_for,shots_blocked_for,shots_in_box_for,shots_outside_box_for,shots_on_target_in_box_for,shots_on_target_outside_box_for,goals_for,goals_in_box_for,goals_outside_box_for,goals_from_shots_for,own_goals_for,own_goals_in_box_for,own_goals_outside_box_for,take_ons_for,take_ons_won_for,aerials_for,aerials_won_for,ground_duels_for,ground_duels_won_for,duels_contested_for,duels_won_for,tackles_for,interceptions_for,clearances_for,ball_recoveries_for,blocked_passes_for,fouls_committed_for,fouls_won_for,possession_lost_for,minutes,appearances,pass_accuracy_pct_for,cross_accuracy_pct_for,long_pass_accuracy_pct_for,shooting_accuracy_pct_for,conversion_pct_for,take_on_success_pct_for,aerial_success_pct_for,ground_duel_success_pct_for,duel_success_pct_for
Arsenal,Ben White,240,13,200,162,168,86,48,66,99,63,11,2,21,13,0,0,3,2,1,0,0,1,1,0,0,0,0,0,0,0,0,0,0,4,2,9,6,12,6,21,12,6,3,10,9,1,2,3,47,332.0,4,81.0,18.18,61.9,0.0,0.0,50.0,66.67,50.0,57.14
Arsenal,Bruno Guimarães,93,5,68,58,67,23,23,22,29,29,1,0,2,1,1,0,0,0,2,1,1,0,1,1,0,1,1,0,1,1,0,0,0,4,1,2,1,8,2,10,3,1,2,0,8,1,0,6,18,141.0,3,85.29,0.0,50.0,50.0,50.0,25.0,50.0,25.0,30.0
Arsenal,Bukayo Saka,263,30,175,135,158,32,68,75,108,27,8,1,13,7,2,14,7,6,15,9,1,5,12,3,9,0,3,3,0,3,0,0,0,16,7,8,2,28,13,36,15,6,3,5,17,3,2,15,65,433.0,5,77.14,12.5,53.85,60.0,20.0,43.75,25.0,46.43,41.67
Arsenal,Christos Tzolis,206,16,151,121,146,30,60,61,97,24,13,4,10,8,0,0,8,6,4,1,1,2,3,1,0,1,0,0,0,0,0,0,0,9,1,10,5,19,5,29,10,4,2,5,12,2,2,8,51,366.0,5,80.13,30.77,80.0,25.0,0.0,11.11,50.0,26.32,34.48
Arsenal,Cristhian Mosquera,135,0,120,115,116,42,17,61,22,93,0,0,1,0,0,0,0,0,0,0,0,0,0,0,0,0,0,0,0,0,0,0,0,1,1,3,1,3,1,6,2,0,2,8,3,1,1,0,6,172.0,2,95.83,,0.0,,,100.0,33.33,33.33,33.33
Arsenal,David Raya,225,0,199,145,162,169,0,30,2,143,0,0,92,41,0,0,0,0,0,0,0,0,0,0,0,0,0,0,0,0,0,0,0,0,0,2,2,1,1,3,3,1,0,4,8,0,0,2,54,481.0,5,72.86,,44.57,,,,100.0,100.0,100.0
Arsenal,Declan Rice,407,0,366,323,337,189,49,128,158,165,4,0,38,19,1,10,7,3,4,0,3,1,0,4,0,0,0,0,0,0,0,0,0,3,2,9,4,13,6,22,10,7,5,10,17,2,4,0,46,421.0,5,88.25,0.0,50.0,0.0,0.0,66.67,44.44,46.15,45.45
Arsenal,Eberechi Eze,56,4,40,31,38,8,17,15,24,7,1,0,1,1,0,0,0,0,1,0,1,0,0,1,0,0,0,0,0,0,0,0,0,6,2,5,2,7,2,12,4,0,0,0,5,0,0,4,14,115.0,4,77.5,0.0,100.0,0.0,0.0,33.33,40.0,28.57,33.33
Arsenal,Ezri Konsa,183,4,148,143,142,58,26,64,32,111,0,0,2,2,0,0,1,1,1,0,0,1,1,0,0,0,0,0,0,0,0,0,0,0,0,11,8,7,2,18,10,5,4,13,9,0,4,5,9,309.0,4,96.62,,100.0,0.0,0.0,,72.73,28.57,55.56
Arsenal,Gabriel Magalhães,355,9,278,248,257,118,48,112,87,161,1,0,25,7,0,0,1,1,5,2,3,0,3,2,2,0,0,0,0,0,0,0,0,1,1,21,10,12,3,33,13,6,6,27,17,5,5,5,35,481.0,5,89.21,0.0,28.0,40.0,0.0,100.0,47.62,25.0,39.39
Arsenal,Jurriën Timber,65,0,47,40,38,22,13,12,26,14,0,0,3,2,0,0,0,0,0,0,0,0,0,0,0,0,0,0,0,0,0,0,0,1,0,0,0,4,1,4,1,3,0,2,7,1,1,2,12,112.0,2,85.11,,66.67,,,0.0,,25.0,25.0
Arsenal,Kai Havertz,177,26,115,88,114,32,41,42,75,13,2,0,3,2,1,0,5,3,10,6,3,1,9,1,5,1,2,1,1,2,0,0,0,6,1,32,14,9,1,41,15,0,3,3,7,4,6,9,47,464.0,5,76.52,0.0,66.67,60.0,20.0,16.67,43.75,11.11,36.59
Arsenal,Martin Ødegaard,299,16,249,222,238,98,58,93,157,65,6,1,12,6,3,0,11,8,7,2,1,4,4,3,2,0,2,2,0,2,0,0,0,8,2,3,0,16,6,19,6,6,1,4,12,1,2,6,37,377.0,5,89.16,16.67,50.0,28.57,28.57,25.0,0.0,37.5,31.58
Arsenal,Martín Zubimendi,107,9,73,60,66,31,19,23,41,19,0,0,7,4,0,0,0,0,3,0,1,2,3,0,0,0,0,0,0,0,0,0,0,0,0,7,5,9,2,16,7,4,4,2,3,4,3,0,21,125.0,5,82.19,,57.14,0.0,0.0,,71.43,22.22,43.75
Arsenal,Max Dowman,5,0,4,4,3,0,3,1,4,0,0,0,0,0,0,1,1,1,0,0,0,0,0,0,0,0,0,0,0,0,0,0,0,0,0,0,0,1,0,1,0,0,0,0,0,0,0,0,1,16.0,1,100.0,,,,,,,0.0,0.0
Arsenal,Mikel Merino,79,3,58,51,58,22,15,21,27,24,0,0,1,0,0,0,0,0,2,1,0,1,1,1,0,1,0,0,0,0,0,0,0,7,5,6,2,10,5,16,7,0,0,1,9,1,4,2,14,117.0,5,87.93,,0.0,50.0,0.0,71.43,33.33,50.0,43.75
Arsenal,Myles Lewis-Skelly,226,5,192,179,184,59,34,99,105,74,0,0,7,4,1,0,2,2,3,0,2,1,2,1,0,0,0,0,0,0,0,0,0,1,0,2,2,5,0,7,2,1,1,2,8,3,8,7,22,275.0,4,93.23,,57.14,0.0,0.0,0.0,100.0,0.0,28.57
Arsenal,Noni Madueke,27,0,19,16,19,5,9,5,16,0,1,0,1,0,0,0,4,1,0,0,0,0,0,0,0,0,0,0,0,0,0,0,0,3,1,1,1,4,1,5,2,1,0,0,2,0,0,0,5,32.0,2,84.21,0.0,0.0,,,33.33,100.0,25.0,40.0
Arsenal,Piero Hincapié,27,1,21,18,17,8,7,6,11,7,1,0,1,0,0,0,0,0,0,0,0,0,0,0,0,0,0,0,0,0,0,0,0,0,0,1,0,1,0,2,0,1,0,2,0,2,0,0,4,42.0,2,85.71,0.0,0.0,,,,0.0,0.0,0.0
Arsenal,Riccardo Calafiori,211,15,168,135,137,59,49,60,76,59,3,0,16,9,0,0,3,3,7,1,2,4,6,1,1,0,0,0,0,0,0,0,0,1,0,14,9,10,1,24,10,6,1,10,13,2,3,1,38,439.0,5,80.36,0.0,56.25,14.29,0.0,0.0,64.29,10.0,41.67
Arsenal,Viktor Gyökeres,13,0,8,6,8,4,1,3,4,2,0,0,0,0,1,0,1,1,0,0,0,0,0,0,0,0,0,0,0,0,0,0,0,0,0,0,0,0,0,0,0,0,0,0,1,0,4,1,4,41.0,2,75.0,,,,,,,,
Aston Villa,Aaron Wan-Bissaka,131,0,98,84,81,46,26,26,51,33,1,0,4,2,0,0,1,1,0,0,0,0,0,0,0,0,0,0,0,0,0,0,0,4,2,1,0,16,6,17,6,9,5,7,1,1,1,1,18,172.0,4,85.71,0.0,50.0,,,50.0,0.0,37.5,35.29
Aston Villa,Alejandro Garnacho,22,0,16,15,15,1,12,3,11,4,0,0,0,0,0,1,0,0,0,0,0,0,0,0,0,0,0,0,0,0,0,0,0,1,1,0,0,3,1,3,1,0,0,0,2,1,0,0,4,51.0,3,93.75,,,,,100.0,,33.33,33.33
Aston Villa,Alysson,50,5,31,25,31,3,17,11,21,4,0,0,1,1,0,0,0,0,1,1,0,0,1,0,1,0,1,1,0,1,0,0,0,5,1,3,1,9,3,12,4,2,0,2,4,3,1,1,13,113.0,4,80.65,,100.0,100.0,100.0,20.0,33.33,33.33,33.33
Aston Villa,Boubacar Kamara,307,2,243,212,236,80,56,107,118,94,1,0,11,9,1,0,2,1,1,0,1,0,1,0,0,0,0,0,0,0,0,0,0,8,3,11,7,27,10,38,17,9,2,8,16,3,9,7,48,466.0,5,87.24,0.0,81.82,0.0,0.0,37.5,63.64,37.04,44.74
Aston Villa,Emiliano Buendía,214,13,150,108,141,47,51,52,75,33,6,0,9,4,2,4,5,2,9,2,6,1,4,5,1,1,1,0,1,1,0,0,0,7,4,20,6,29,8,49,14,9,4,1,20,8,5,7,57,418.0,5,72.0,0.0,44.44,22.22,11.11,57.14,30.0,27.59,28.57
Aston Villa,George Hemmings,97,5,59,42,59,15,18,26,31,11,2,0,2,0,1,0,3,2,1,1,0,0,1,0,1,0,0,0,0,0,0,0,0,6,3,14,5,21,5,35,10,6,0,5,10,5,6,0,29,311.0,5,71.19,0.0,0.0,100.0,0.0,50.0,35.71,23.81,28.57
Aston Villa,Ian Maatsen,201,10,135,101,103,51,42,42,65,36,6,1,25,9,0,0,1,1,5,1,3,1,4,1,1,0,0,0,0,0,0,0,0,11,1,3,1,22,3,25,4,7,7,10,10,3,5,0,52,350.0,4,74.81,16.67,36.0,20.0,0.0,9.09,33.33,13.64,16.0
Aston Villa,Ibrahim Mbaye,19,2,11,9,10,5,3,3,7,2,1,1,1,1,0,1,1,1,1,1,0,0,1,0,1,0,0,0,0,0,0,0,0,1,0,0,0,5,0,5,0,1,0,0,1,0,2,0,6,49.0,2,81.82,100.0,100.0,100.0,0.0,0.0,,0.0,0.0
Aston Villa,Johan Manzambi,56,5,28,24,28,12,5,11,15,9,0,0,2,1,2,0,2,2,4,2,1,1,3,1,2,0,1,1,0,1,0,0,0,7,1,0,0,9,1,9,1,2,0,1,5,1,0,2,16,105.0,2,85.71,,50.0,50.0,25.0,14.29,,11.11,11.11
Aston Villa,John McGinn,213,5,138,89,119,62,39,37,65,24,10,2,25,7,0,8,6,4,4,0,4,0,1,3,0,0,0,0,0,0,0,0,0,13,2,4,1,33,4,37,5,5,5,3,17,2,6,14,81,452.0,5,64.49,20.0,28.0,0.0,0.0,15.38,25.0,12.12,13.51
Aston Villa,João Gomes,73,0,40,38,38,13,8,19,17,21,0,0,2,2,0,0,2,0,0,0,0,0,0,0,0,0,0,0,0,0,0,0,0,5,3,1,0,19,8,20,8,9,3,2,5,3,5,2,9,193.0,2,95.0,,100.0,,,60.0,0.0,42.11,40.0
Aston Villa,Lamare Bogarde,4,0,2,2,2,0,0,2,2,0,0,0,0,0,0,0,0,0,0,0,0,0,0,0,0,0,0,0,0,0,0,0,0,0,0,2,1,0,0,2,1,0,0,1,0,0,0,0,1,22.0,1,100.0,,,,,,50.0,,50.0
Aston Villa,Marco Bizot,38,0,30,19,17,25,0,5,0,19,0,0,19,8,0,0,0,0,0,0,0,0,0,0,0,0,0,0,0,0,0,0,0,0,0,0,0,0,0,0,0,0,0,1,0,0,0,0,11,95.0,1,63.33,,42.11,,,,,,
Aston Villa,Matteo Ruggeri,94,0,68,59,59,28,24,16,27,32,4,0,7,4,0,0,1,0,1,0,1,0,0,1,0,0,0,0,0,0,0,0,0,1,1,1,1,6,1,7,2,2,6,8,11,3,0,1,12,131.0,3,86.76,0.0,57.14,0.0,0.0,100.0,100.0,16.67,28.57
Aston Villa,Matty Cash,186,5,148,114,117,62,57,29,65,49,1,0,32,12,1,0,1,0,1,0,0,1,1,0,0,0,0,0,0,0,0,0,0,1,0,4,1,10,5,14,6,6,1,11,2,3,6,6,38,309.0,4,77.03,0.0,37.5,0.0,0.0,0.0,25.0,50.0,42.86
Aston Villa,Nicolas Jackson,109,16,53,43,53,12,19,22,35,8,3,1,2,2,1,0,2,2,8,2,4,2,5,3,2,0,1,1,0,1,0,0,0,22,11,4,3,26,11,30,14,0,0,1,8,1,2,2,33,286.0,4,81.13,33.33,100.0,25.0,12.5,50.0,75.0,42.31,46.67
Aston Villa,Pau Torres,121,1,105,84,90,46,27,32,21,63,1,0,13,4,0,0,0,0,0,0,0,0,0,0,0,0,0,0,0,0,0,0,0,0,0,4,2,3,0,7,2,1,1,8,9,0,2,1,22,196.0,3,80.0,0.0,30.77,,,,50.0,0.0,28.57
Aston Villa,Ross Barkley,263,4,206,186,201,67,41,98,122,64,0,0,5,4,1,1,4,2,7,1,3,3,4,3,0,1,0,0,0,0,0,0,0,6,4,10,3,29,8,39,11,7,0,4,16,4,4,4,36,320.0,5,90.29,,80.0,14.29,0.0,66.67,30.0,27.59,28.21
Aston Villa,Tammy Abraham,24,1,18,12,18,2,9,7,8,4,0,0,0,0,0,0,0,0,0,0,0,0,0,0,0,0,0,0,0,0,0,0,0,2,1,5,2,3,1,8,3,1,0,0,1,0,0,0,10,100.0,4,66.67,,,,,50.0,40.0,33.33,37.5
Aston Villa,Tyrone Mings,193,4,160,144,150,77,32,51,45,99,0,0,9,4,0,0,0,0,4,0,2,2,3,1,0,0,0,0,0,0,0,0,0,3,2,11,7,7,5,18,12,4,2,16,7,0,2,2,17,285.0,4,90.0,,44.44,0.0,0.0,66.67,63.64,71.43,66.67
Aston Villa,Victor Lindelöf,308,3,277,256,265,139,47,91,67,189,0,0,15,8,0,0,3,1,2,2,0,0,1,1,1,1,0,0,0,0,1,1,0,0,0,9,2,3,0,12,2,1,1,19,7,1,1,0,24,481.0,5,92.42,,53.33,100.0,0.0,,22.22,0.0,16.67
Aston Villa,Zion Suzuki,205,0,172,123,135,136,0,36,0,123,0,0,75,29,0,0,0,0,0,0,0,0,0,0,0,0,0,0,0,0,0,0,0,0,0,0,0,0,0,0,0,0,0,5,9,0,0,2,49,386.0,4,71.51,,38.67,,,,,,
Bournemouth,Adam Smith,230,1,180,133,127,105,47,28,69,64,4,2,50,24,0,0,3,3,1,0,0,1,0,1,0,0,0,0,0,0,0,0,0,3,1,10,6,13,3,23,9,5,4,13,15,3,7,8,54,454.0,5,73.89,50.0,48.0,0.0,0.0,33.33,60.0,23.08,39.13
Bournemouth,Adrien Truffert,330,7,239,186,201,110,72,57,101,85,18,3,33,16,0,0,4,4,4,2,1,1,1,3,1,1,0,0,0,0,0,0,0,6,3,13,6,34,12,47,18,17,7,21,24,2,11,3,69,474.0,5,77.82,16.67,48.48,50.0,0.0,50.0,46.15,35.29,38.3
Bournemouth,Alex Scott,357,15,266,207,237,123,73,70,114,93,4,0,43,16,0,10,11,5,7,1,2,4,2,5,1,0,1,1,0,1,0,0,0,10,4,8,3,31,9,39,12,9,8,7,36,7,4,17,76,465.0,5,77.82,0.0,37.21,14.29,14.29,40.0,37.5,29.03,30.77
Bournemouth,Alex Tóth,20,0,15,14,13,6,5,4,9,5,0,0,1,0,0,0,0,0,0,0,0,0,0,0,0,0,0,0,0,0,0,0,0,2,0,2,0,3,1,5,1,1,0,0,1,0,0,0,3,28.0,2,93.33,,0.0,,,0.0,0.0,33.33,20.0
Bournemouth,António Silva,324,8,249,217,230,141,41,67,56,161,0,0,32,20,1,0,0,0,4,1,3,0,4,0,1,0,0,0,0,0,0,0,0,0,0,28,18,8,4,36,22,5,8,41,14,0,3,1,35,474.0,5,87.15,,62.5,25.0,0.0,,64.29,50.0,61.11
Bournemouth,Ben Gannon-Doak,27,4,20,15,20,7,7,6,12,3,3,0,3,2,0,0,0,0,3,0,1,2,1,2,0,0,0,0,0,0,0,0,0,1,1,1,0,4,2,5,2,2,0,0,5,0,0,0,6,36.0,4,75.0,0.0,66.67,0.0,0.0,100.0,0.0,50.0,40.0
Bournemouth,Daniel Jebbison,20,3,10,8,10,2,4,4,8,0,2,0,1,0,0,0,0,0,1,1,0,0,1,0,1,0,0,0,0,0,0,0,0,0,0,1,0,1,0,2,0,0,0,0,1,0,0,2,7,49.0,3,80.0,0.0,0.0,100.0,0.0,,0.0,0.0,0.0
Bournemouth,David Brooks,39,1,28,19,26,11,4,13,17,2,0,0,1,0,0,1,2,0,0,0,0,0,0,0,0,0,0,0,0,0,0,0,0,2,0,1,0,2,0,3,0,0,0,1,3,2,3,1,12,68.0,4,67.86,,0.0,,,0.0,0.0,0.0,0.0
Bournemouth,Djordje Petrovic,215,0,191,133,149,153,0,38,0,133,0,0,85,29,0,0,0,0,0,0,0,0,0,0,0,0,0,0,0,0,0,0,0,0,0,3,3,0,0,3,3,0,0,2,10,0,0,0,58,474.0,5,69.63,,34.12,,,,100.0,,100.0
Bournemouth,Evanilson,171,16,105,74,104,26,44,35,53,21,2,1,5,3,1,0,6,5,8,2,3,3,8,0,2,0,0,0,0,0,0,0,0,6,2,24,10,14,4,38,14,3,5,6,13,1,9,10,54,434.0,5,70.48,50.0,60.0,25.0,0.0,33.33,41.67,28.57,36.84
Bournemouth,James Hill,334,3,269,200,254,172,43,54,48,152,1,1,71,25,0,0,6,3,0,0,0,0,0,0,0,0,0,0,0,0,0,0,0,2,0,24,16,12,5,36,21,9,6,31,11,2,5,3,72,474.0,5,74.35,100.0,35.21,,,0.0,66.67,41.67,58.33
Bournemouth,Justin Kluivert,112,11,69,51,67,24,25,20,31,20,4,1,8,6,1,0,3,1,10,6,2,2,6,4,4,2,1,1,0,1,0,0,0,6,4,5,1,16,7,21,8,4,2,0,16,2,5,5,33,294.0,4,73.91,25.0,75.0,60.0,10.0,66.67,20.0,43.75,38.1
Bournemouth,Lewis Cook,99,0,85,74,81,28,34,23,28,46,0,0,8,4,0,0,1,0,0,0,0,0,0,0,0,0,0,0,0,0,0,0,0,0,0,6,4,5,0,11,4,1,4,3,6,3,2,0,14,198.0,5,87.06,,50.0,,,,66.67,0.0,36.36
Bournemouth,Marcus Tavernier,270,13,183,143,164,58,65,60,104,39,11,3,19,12,0,10,9,7,13,8,4,1,8,5,5,3,3,3,0,3,0,0,0,10,4,11,3,35,10,46,13,11,0,5,26,4,3,8,73,433.0,5,78.14,27.27,63.16,61.54,23.08,40.0,27.27,28.57,28.26
Bournemouth,Rayan,154,16,95,55,95,32,36,27,46,9,10,2,6,2,0,0,3,2,12,4,5,3,7,5,3,1,0,0,0,0,0,0,0,7,2,35,15,19,5,54,20,5,2,4,4,4,1,5,59,438.0,5,57.89,20.0,33.33,33.33,0.0,28.57,42.86,26.32,37.04
Bournemouth,Ryan Christie,77,10,49,38,49,18,14,17,24,14,1,0,3,3,1,0,1,0,4,0,3,1,4,0,0,0,0,0,0,0,0,0,0,4,1,5,2,12,2,17,4,1,3,0,10,0,0,0,22,113.0,4,77.55,0.0,100.0,0.0,0.0,25.0,40.0,16.67,23.53
Bournemouth,Tyler Adams,221,0,174,152,165,72,39,63,82,70,1,0,7,2,0,0,1,1,1,1,0,0,0,1,0,1,0,0,0,0,0,0,0,3,0,2,2,14,2,16,4,7,8,4,22,4,6,3,28,289.0,5,87.36,0.0,28.57,100.0,0.0,0.0,100.0,14.29,25.0
Bournemouth,Álvaro Rodríguez,10,0,6,5,6,0,4,2,2,3,0,0,0,0,0,0,0,0,0,0,0,0,0,0,0,0,0,0,0,0,0,0,0,1,1,5,0,1,1,6,1,0,0,0,1,0,1,1,3,19.0,2,83.33,,,,,100.0,0.0,100.0,16.67
Brentford,Aaron Hickey,102,2,65,52,51,32,15,18,27,25,3,1,12,6,0,0,0,0,1,0,1,0,1,0,0,0,0,0,0,0,0,0,0,3,3,7,3,7,5,14,8,4,2,10,8,2,3,4,16,174.0,5,80.0,33.33,50.0,0.0,0.0,100.0,42.86,71.43,57.14
Brentford,Callum Wilson,10,3,3,2,3,1,0,2,2,0,0,0,0,0,0,0,1,1,2,0,0,2,2,0,0,0,0,0,0,0,0,0,0,0,0,3,2,2,0,5,2,0,0,1,1,1,1,0,4,29.0,3,66.67,,,0.0,0.0,,66.67,0.0,40.0
Brentford,Caoimhín Kelleher,218,0,188,134,144,144,0,44,0,134,0,0,91,37,0,0,0,0,0,0,0,0,0,0,0,0,0,0,0,0,0,0,0,0,0,2,2,0,0,2,2,0,0,3,10,0,0,0,54,474.0,5,71.28,,40.66,,,,100.0,,100.0
Brentford,Dango Ouattara,96,8,51,34,51,25,8,18,17,17,4,2,4,1,2,0,4,3,4,0,2,2,1,3,0,0,0,0,0,0,0,0,0,14,4,10,6,18,5,28,11,2,3,7,17,0,6,3,37,196.0,5,66.67,50.0,25.0,0.0,0.0,28.57,60.0,27.78,39.29
Brentford,El Hadji Malick Diouf,28,0,24,14,21,15,4,5,6,8,2,0,5,2,0,0,0,0,0,0,0,0,0,0,0,0,0,0,0,0,0,0,0,0,0,3,2,0,0,3,2,0,0,2,1,1,0,1,10,52.0,2,58.33,0.0,40.0,,,,66.67,,66.67
Brentford,Fábio Carvalho,5,1,3,2,2,0,0,3,2,0,0,0,1,0,0,1,0,0,1,1,0,0,1,0,1,0,1,1,0,1,0,0,0,0,0,2,0,0,0,2,0,0,0,0,0,0,0,0,1,10.0,1,66.67,,0.0,100.0,100.0,,0.0,,0.0
Brentford,Igor Thiago,177,23,111,84,109,24,36,51,61,23,2,0,7,4,1,0,2,1,13,4,8,1,12,1,4,0,1,1,0,1,0,0,0,7,3,42,15,17,5,59,20,3,0,2,12,3,7,2,53,462.0,5,75.68,0.0,57.14,30.77,7.69,42.86,35.71,29.41,33.9
Brentford,Jaidon Anthony,131,10,70,48,68,28,12,30,35,13,8,3,6,2,0,0,7,6,5,1,2,2,2,3,1,0,1,1,0,1,0,0,0,14,4,7,4,23,7,30,11,4,0,6,16,10,5,2,45,278.0,5,68.57,37.5,33.33,20.0,20.0,28.57,57.14,30.43,36.67
Brentford,Jannik Schuster,142,7,92,72,85,43,22,27,14,58,0,0,15,7,0,0,1,1,1,0,1,0,1,0,0,0,0,0,0,0,0,0,0,0,0,18,9,4,2,22,11,3,0,30,6,0,4,2,21,271.0,3,78.26,,46.67,0.0,0.0,,50.0,50.0,50.0
Brentford,Keane Lewis-Potter,271,14,213,156,181,112,44,57,80,76,22,6,31,10,0,2,7,5,9,2,3,4,6,3,2,0,1,1,0,1,0,0,0,10,3,15,4,20,6,35,10,6,4,11,15,0,9,2,73,416.0,5,73.24,27.27,32.26,22.22,11.11,30.0,26.67,30.0,28.57
Brentford,Kevin Schade,220,27,117,70,106,48,24,45,47,23,1,1,16,3,0,0,1,0,13,6,3,4,12,1,5,1,3,2,1,3,0,0,0,21,4,27,15,40,9,67,24,7,0,7,21,1,2,8,94,468.0,5,59.83,100.0,18.75,46.15,23.08,19.05,55.56,22.5,35.82
Brentford,Kristoffer Ajer,273,8,206,168,193,113,25,68,36,132,0,0,18,6,0,0,2,1,2,1,1,0,2,0,1,0,0,0,0,0,0,0,0,1,0,28,19,10,1,38,20,4,7,37,11,1,4,3,42,474.0,5,81.55,,33.33,50.0,0.0,0.0,67.86,10.0,52.63
Brentford,Mamadou Sangaré,229,6,156,123,155,78,28,50,61,62,2,0,15,6,2,0,3,1,6,1,3,2,4,2,1,0,0,0,0,0,0,0,0,10,6,7,4,31,13,38,17,14,6,5,22,3,9,5,49,336.0,5,78.85,0.0,40.0,16.67,0.0,60.0,57.14,41.94,44.74
Brentford,Mathias Jensen,41,2,32,29,29,11,12,9,21,8,3,1,3,3,0,1,3,2,2,1,0,1,0,2,0,1,0,0,0,0,0,0,0,0,0,1,0,4,1,5,1,2,0,0,3,1,3,0,5,66.0,1,90.62,33.33,100.0,50.0,0.0,,0.0,25.0,20.0
Brentford,Michael Kayode,159,7,111,76,74,45,31,35,37,39,7,2,31,16,0,0,2,2,6,1,2,3,4,2,1,0,1,1,0,1,0,0,0,7,3,11,7,17,5,28,12,2,6,6,14,4,4,4,42,300.0,5,68.47,28.57,51.61,16.67,16.67,42.86,63.64,29.41,42.86
Brentford,Mikkel Damsgaard,223,11,172,124,158,71,33,68,79,45,11,2,25,12,3,10,7,7,4,1,3,0,3,1,1,0,0,0,0,0,0,0,0,8,3,5,4,28,6,33,10,7,3,3,18,5,1,3,67,294.0,5,72.09,18.18,48.0,25.0,0.0,37.5,80.0,21.43,30.3
Brentford,Nathan Collins,152,10,119,98,109,61,20,38,21,77,0,0,19,7,0,0,2,2,5,1,1,3,5,0,1,0,0,0,0,0,0,0,0,0,0,11,6,4,2,15,8,2,2,14,11,1,2,3,23,203.0,3,82.35,,36.84,20.0,0.0,,54.55,50.0,53.33
Brentford,Rico Henry,2,0,1,0,1,1,0,0,0,0,0,0,0,0,0,0,0,0,0,0,0,0,0,0,0,0,0,0,0,0,0,0,0,0,0,0,0,0,0,0,0,0,0,0,0,0,0,0,2,6.0,1,0.0,,,,,,,,
Brentford,Vitaly Janelt,312,6,237,194,216,106,46,85,92,102,2,1,27,18,0,8,5,5,4,2,0,2,3,1,2,0,2,2,0,2,0,0,0,1,1,6,4,28,11,34,15,17,16,7,20,5,9,2,51,474.0,5,81.86,50.0,66.67,50.0,50.0,100.0,66.67,39.29,44.12
Brentford,Yehor Yarmoliuk,157,5,122,92,121,50,26,46,59,33,6,3,10,6,1,0,3,2,3,1,1,1,0,3,0,1,0,0,0,0,0,0,0,2,1,4,1,14,5,18,6,5,2,4,14,3,3,1,39,231.0,5,75.41,50.0,60.0,33.33,0.0,50.0,25.0,35.71,33.33
Brighton,Bart Verbruggen,224,0,204,161,182,166,0,38,0,161,0,0,71,31,1,0,0,0,0,0,0,0,0,0,0,0,0,0,0,0,0,0,0,0,0,2,2,0,0,2,2,0,0,0,16,0,0,1,43,476.0,5,78.92,,43.66,,,,100.0,,100.0
Brighton,Charalampos Kostoulas,161,21,84,59,84,18,25,41,46,13,4,0,4,2,2,0,2,1,13,5,6,2,9,4,4,1,2,1,1,2,0,0,0,15,5,19,8,29,6,48,14,4,0,5,18,1,5,6,53,363.0,5,70.24,0.0,50.0,38.46,15.38,33.33,42.11,20.69,29.17
Brighton,Chema Andrés,65,2,51,41,50,25,8,18,23,18,0,0,2,1,1,0,1,0,3,1,2,0,1,2,1,0,1,1,0,1,0,0,0,0,0,10,6,2,0,12,6,1,2,2,8,3,4,0,11,116.0,2,80.39,,50.0,33.33,33.33,,60.0,0.0,50.0
Brighton,Costinha,68,1,49,44,43,17,19,13,24,20,2,1,6,4,1,0,1,1,2,1,1,0,1,1,1,0,0,0,0,0,0,0,0,1,1,4,1,6,2,10,3,1,2,4,1,1,3,2,8,99.0,5,89.8,50.0,66.67,50.0,0.0,100.0,25.0,33.33,30.0
Brighton,Diego Gómez,243,22,166,125,162,53,51,62,97,28,11,3,12,8,0,0,4,2,14,4,7,3,10,4,4,0,0,0,0,0,0,0,0,9,1,33,17,33,7,66,24,13,4,3,16,4,6,0,64,442.0,5,75.3,27.27,66.67,28.57,0.0,11.11,51.52,21.21,36.36
Brighton,Ferdi Kadioglu,201,5,172,147,152,68,53,51,91,56,4,0,21,13,0,0,4,2,4,1,2,1,2,2,1,0,0,0,0,0,0,0,0,2,1,7,0,4,2,11,2,1,1,8,8,1,2,4,31,343.0,4,85.47,0.0,61.9,25.0,0.0,50.0,0.0,50.0,18.18
Brighton,Georginio Rutter,44,7,17,9,17,6,1,10,8,1,1,0,0,0,0,0,1,1,3,0,3,0,2,1,0,0,0,0,0,0,0,0,0,5,3,1,1,13,5,14,6,2,0,1,6,2,0,2,21,116.0,2,52.94,0.0,,0.0,0.0,60.0,100.0,38.46,42.86
Brighton,Ibrahim Osman,47,7,30,23,30,4,16,10,18,5,3,1,0,0,0,0,1,1,2,0,1,1,2,0,0,0,0,0,0,0,0,0,0,7,2,1,0,9,3,10,3,1,0,0,3,0,1,2,16,59.0,3,76.67,33.33,,0.0,0.0,28.57,0.0,33.33,30.0
Brighton,Jack Hinshelwood,25,5,14,13,13,4,5,5,7,6,0,0,1,1,0,0,0,0,3,2,0,1,3,0,2,0,2,2,0,2,0,0,0,1,1,1,1,3,3,4,4,2,0,0,1,1,0,2,1,63.0,1,92.86,,100.0,66.67,66.67,100.0,100.0,100.0,100.0
Brighton,Lewis Dunk,432,2,394,362,373,195,46,153,124,238,2,0,24,10,0,0,0,0,1,1,0,0,0,1,0,1,1,0,1,1,0,0,0,1,1,21,13,6,3,27,16,3,1,16,13,3,4,2,33,380.0,4,91.88,0.0,41.67,100.0,100.0,100.0,61.9,50.0,59.26
Brighton,Luka Vuskovic,438,12,361,326,351,149,54,158,103,223,2,0,34,19,2,0,0,0,8,1,5,2,6,2,1,0,1,1,0,1,0,0,0,1,1,27,16,11,5,38,21,6,3,32,17,4,7,6,39,457.0,5,90.3,0.0,55.88,12.5,12.5,100.0,59.26,45.45,55.26
Brighton,Malick Yalcouyé,153,22,104,86,104,28,34,42,55,31,5,0,2,0,1,0,4,3,7,4,2,1,7,0,4,0,2,2,0,2,0,0,0,9,6,4,2,17,9,21,11,6,0,5,7,3,3,4,30,253.0,5,82.69,0.0,0.0,57.14,28.57,66.67,50.0,52.94,52.38
Brighton,Mats Wieffer,157,3,125,111,112,35,39,51,70,41,5,1,3,2,0,0,2,1,2,0,2,0,2,0,0,0,0,0,0,0,0,0,0,1,1,8,4,10,2,18,6,4,6,2,9,2,1,4,19,156.0,2,88.8,20.0,66.67,0.0,0.0,100.0,50.0,20.0,33.33
Brighton,Matt O'Riley,7,2,3,3,3,1,0,2,2,1,0,0,0,0,0,0,1,0,1,1,0,0,1,0,1,0,0,0,0,0,0,0,0,0,0,1,0,0,0,1,0,0,0,2,1,0,0,0,1,24.0,2,100.0,,,100.0,0.0,,0.0,,0.0
Brighton,Maxim De Cuyper,284,7,234,189,209,62,93,79,145,44,15,3,33,19,0,12,10,6,7,1,4,2,5,2,1,0,1,1,0,1,0,0,0,6,2,2,0,17,7,19,7,8,2,6,18,2,7,4,54,440.0,5,80.77,20.0,57.58,14.29,14.29,33.33,0.0,41.18,36.84
Brighton,Michael Svoboda,4,0,2,2,2,2,0,0,0,2,0,0,0,0,0,0,0,0,0,0,0,0,0,0,0,0,0,0,0,0,0,0,0,0,0,0,0,1,1,1,1,1,0,0,1,0,0,0,1,11.0,1,100.0,,,,,,,100.0,100.0
Brighton,Olivier Boscagli,385,5,329,269,299,146,71,112,143,126,17,3,51,33,1,0,7,4,3,1,1,1,0,3,0,1,0,0,0,0,0,0,0,0,0,19,8,9,4,28,12,4,7,19,17,3,9,7,62,455.0,5,81.76,17.65,64.71,33.33,0.0,,42.11,44.44,42.86
Brighton,Pascal Groß,411,16,363,299,325,122,90,151,181,118,16,2,46,18,1,15,15,11,10,3,5,2,5,5,2,1,3,2,1,3,0,0,0,0,0,8,4,15,5,23,9,7,4,4,10,3,8,0,73,476.0,5,82.37,12.5,39.13,30.0,30.0,,50.0,33.33,39.13
Brighton,Pascal Struijk,88,1,75,69,67,33,10,32,15,54,0,0,3,0,0,0,0,0,1,0,1,0,1,0,0,0,0,0,0,0,0,0,0,0,0,5,3,2,1,7,4,1,0,6,6,1,0,1,6,106.0,3,92.0,,0.0,0.0,0.0,,60.0,50.0,57.14
Brighton,Promise David,10,1,5,5,5,0,2,3,4,1,0,0,0,0,0,0,0,0,1,0,1,0,1,0,0,0,0,0,0,0,0,0,0,1,0,1,0,1,0,2,0,0,0,0,0,0,2,0,4,34.0,2,100.0,,,0.0,0.0,0.0,0.0,0.0,0.0
Brighton,Yasin Ayari,212,9,167,152,163,50,39,78,89,63,0,0,10,7,0,0,3,2,10,3,4,3,5,5,2,1,1,0,1,1,0,0,0,8,3,7,1,14,4,21,5,2,2,2,15,3,2,3,24,349.0,4,91.02,,70.0,30.0,10.0,37.5,14.29,28.57,23.81
Brighton,Zadok Yohanna,11,0,5,5,5,1,3,1,5,0,0,0,0,0,0,0,0,0,0,0,0,0,0,0,0,0,0,0,0,0,0,0,0,2,1,0,0,3,1,3,1,0,0,0,0,0,1,0,4,18.0,1,100.0,,,,,50.0,,33.33,33.33
Chelsea,Cole Palmer,261,28,175,140,170,76,47,52,113,27,4,1,18,8,2,1,11,8,17,5,7,5,12,5,3,2,2,1,1,2,0,0,0,17,9,2,1,37,11,39,12,7,1,1,19,4,4,7,63,463.0,5,80.0,25.0,44.44,29.41,11.76,52.94,50.0,29.73,30.77
Chelsea,Danny Welbeck,25,7,18,16,18,4,1,13,14,2,0,0,0,0,0,0,3,3,0,0,0,0,0,0,0,0,0,0,0,0,0,0,0,0,0,1,1,2,1,3,2,1,0,1,2,0,1,0,5,97.0,3,88.89,,,,,,100.0,50.0,66.67
Chelsea,Emiliano Martínez,170,0,142,90,105,121,0,21,0,90,0,0,81,31,0,0,3,1,0,0,0,0,0,0,0,0,0,0,0,0,0,0,0,0,0,1,1,0,0,1,1,0,0,1,1,0,0,3,52,381.0,4,63.38,,38.27,,,,100.0,,100.0
Chelsea,Enzo Fernández,25,0,21,19,21,8,7,6,10,9,0,0,2,1,0,0,1,0,0,0,0,0,0,0,0,0,0,0,0,0,0,0,0,0,0,0,0,1,0,1,0,0,0,0,3,1,0,1,3,30.0,1,90.48,,50.0,,,,,0.0,0.0
Chelsea,Estêvão,24,4,18,12,16,3,8,7,10,2,1,0,3,2,0,2,0,0,2,2,0,0,2,0,2,0,0,0,0,0,0,0,0,1,0,1,0,3,0,4,0,1,0,0,1,0,0,1,8,47.0,4,66.67,0.0,66.67,100.0,0.0,0.0,0.0,0.0,0.0
Chelsea,Geovany Quenda,20,3,17,12,17,2,5,10,10,2,2,0,0,0,0,0,0,0,1,0,0,1,0,1,0,0,0,0,0,0,0,0,0,0,0,0,0,0,0,0,0,0,0,1,0,0,0,0,5,39.0,2,70.59,0.0,,0.0,0.0,,,,
Chelsea,Jordan Henderson,92,0,87,70,77,25,16,46,43,27,6,1,11,1,0,7,0,0,0,0,0,0,0,0,0,0,0,0,0,0,0,0,0,1,1,1,0,2,2,3,2,1,0,1,7,1,0,0,17,96.0,1,80.46,16.67,9.09,,,100.0,0.0,100.0,66.67
Chelsea,Jorrel Hato,125,6,81,61,68,28,29,24,36,25,0,0,12,4,0,0,3,2,1,0,0,1,1,0,0,0,0,0,0,0,0,0,0,3,2,8,4,13,3,21,7,7,2,8,9,2,1,2,28,263.0,4,75.31,,33.33,0.0,0.0,66.67,50.0,23.08,33.33
Chelsea,Josh Acheampong,114,3,86,66,79,33,27,26,35,31,1,0,11,2,0,0,0,0,0,0,0,0,0,0,0,0,0,0,0,0,0,0,0,2,0,4,1,13,5,17,6,7,1,12,7,0,2,1,23,242.0,4,76.74,0.0,18.18,,,0.0,25.0,38.46,35.29
Chelsea,João Pedro,162,29,88,58,86,30,21,37,51,7,3,1,6,3,1,0,7,4,12,4,4,4,9,3,3,1,3,3,0,3,1,1,0,12,7,26,14,20,8,46,22,1,0,3,5,6,5,12,57,379.0,4,65.91,33.33,50.0,33.33,25.0,58.33,53.85,40.0,47.83
Chelsea,Levi Colwill,239,5,196,171,175,93,22,81,59,112,0,0,11,3,0,0,1,0,1,0,0,1,1,0,0,0,0,0,0,0,0,0,0,1,1,12,9,5,4,17,13,3,4,17,15,0,2,1,28,357.0,4,87.24,,27.27,0.0,0.0,100.0,75.0,80.0,76.47
Chelsea,Mahdi Nicoll-Jazuli,11,0,9,8,9,3,0,6,4,4,0,0,0,0,0,0,0,0,0,0,0,0,0,0,0,0,0,0,0,0,0,0,0,0,0,2,2,2,1,4,3,2,0,0,0,0,0,0,1,10.0,1,88.89,,,,,,100.0,50.0,75.0
Chelsea,Malo Gusto,169,5,138,104,117,56,32,50,70,34,9,4,22,6,0,3,1,1,2,0,1,1,0,2,0,0,0,0,0,0,0,0,0,1,1,6,4,10,4,16,8,4,4,7,13,3,1,0,42,282.0,4,75.36,44.44,27.27,0.0,0.0,100.0,66.67,40.0,50.0
Chelsea,Maxence Lacroix,253,5,186,167,181,78,24,84,44,123,0,0,12,6,0,0,1,1,2,0,2,0,2,0,0,0,0,0,0,0,0,0,0,0,0,24,12,13,6,37,18,10,6,26,8,3,3,2,26,390.0,5,89.78,,50.0,0.0,0.0,,50.0,46.15,48.65
Chelsea,Moisés Caicedo,2,0,2,2,2,1,0,1,1,1,0,0,0,0,0,0,0,0,0,0,0,0,0,0,0,0,0,0,0,0,0,0,0,0,0,0,0,0,0,0,0,0,0,0,0,0,0,0,0,14.0,1,100.0,,,,,,,,
Chelsea,Morgan Rogers,228,29,143,107,139,42,34,67,89,18,6,1,11,8,0,1,9,6,15,5,4,6,8,7,3,2,3,2,1,3,0,0,0,20,9,19,8,31,11,50,19,5,0,4,23,3,5,7,64,454.0,5,74.83,16.67,72.73,33.33,20.0,45.0,42.11,35.48,38.0
Chelsea,Pedro Neto,196,21,134,101,117,41,49,44,88,13,17,4,15,3,0,9,5,4,7,4,2,1,6,1,4,0,1,1,0,1,0,0,0,15,7,7,2,28,11,35,13,6,5,4,14,0,5,1,54,337.0,5,75.37,23.53,20.0,57.14,14.29,46.67,28.57,39.29,37.14
Chelsea,Pep Chavarría,171,5,138,102,113,46,49,43,63,39,8,0,22,8,0,0,1,1,1,0,1,0,1,0,0,0,0,0,0,0,0,0,0,1,0,7,1,8,4,15,5,5,4,7,7,1,3,2,42,236.0,5,73.91,0.0,36.36,0.0,0.0,0.0,14.29,50.0,33.33
Chelsea,Reece James,249,3,208,178,185,86,40,82,94,84,5,1,25,14,0,10,2,1,8,4,1,3,1,7,1,3,0,0,0,0,0,0,0,2,0,3,3,8,1,11,4,2,2,7,15,3,3,2,39,312.0,4,85.58,20.0,56.0,50.0,0.0,0.0,100.0,12.5,36.36
Chelsea,Robert Sánchez,39,0,31,15,20,30,0,1,0,15,0,0,26,10,0,0,0,0,0,0,0,0,0,0,0,0,0,0,0,0,0,0,0,0,0,0,0,0,0,0,0,0,0,0,0,0,0,0,16,94.0,1,48.39,,38.46,,,,,,
Chelsea,Roméo Lavia,154,2,113,100,111,48,18,47,49,51,0,0,3,2,0,0,2,1,2,2,0,0,2,0,2,0,1,1,0,1,0,0,0,3,1,3,1,11,5,14,6,6,6,4,15,4,2,5,19,258.0,4,88.5,,66.67,100.0,50.0,33.33,33.33,45.45,42.86
Chelsea,Valentín Barco,106,3,86,76,85,36,18,32,44,32,3,0,6,3,0,0,0,0,2,0,1,1,2,0,0,0,0,0,0,0,0,0,0,2,0,3,2,8,3,11,5,3,4,0,5,1,2,4,15,128.0,3,88.37,0.0,50.0,0.0,0.0,0.0,66.67,37.5,45.45
Chelsea,Wesley Fofana,243,2,175,157,167,85,33,57,69,88,1,0,12,7,0,0,1,0,0,0,0,0,0,0,0,0,0,0,0,0,0,0,0,2,1,13,9,12,6,25,15,7,10,28,11,2,4,6,25,316.0,4,89.71,0.0,58.33,,,50.0,69.23,50.0,60.0
Coventry,Aurèle Amenda,199,6,162,137,156,87,37,38,38,99,0,0,26,17,0,0,0,0,1,0,1,0,0,1,0,0,0,0,0,0,0,0,0,1,1,19,14,5,2,24,16,1,3,16,11,2,6,0,28,380.0,4,84.57,,65.38,0.0,0.0,100.0,73.68,40.0,66.67
Coventry,Bobby Thomas,258,15,179,142,177,93,39,47,24,118,1,0,26,9,0,0,2,0,10,0,8,2,8,2,0,0,0,0,0,0,0,0,0,1,1,23,15,7,3,30,18,3,7,37,16,1,5,8,38,458.0,5,79.33,0.0,34.62,0.0,0.0,100.0,65.22,42.86,60.0
Coventry,Brandon Thomas-Asante,101,8,42,23,41,16,8,18,18,5,3,0,1,0,0,0,0,0,5,3,2,0,3,2,1,2,0,0,0,0,0,0,0,9,4,22,7,18,4,40,11,3,9,4,12,0,0,9,35,252.0,5,54.76,0.0,0.0,60.0,0.0,44.44,31.82,22.22,27.5
Coventry,Caleb Yirenkyi,140,2,110,89,105,41,41,28,44,45,3,1,10,3,0,0,3,1,1,0,0,1,1,0,0,0,0,0,0,0,0,0,0,4,1,13,8,8,1,21,9,1,2,5,13,2,9,4,30,278.0,5,80.91,33.33,30.0,0.0,0.0,25.0,61.54,12.5,42.86
Coventry,Carl Rushworth,264,0,235,137,159,212,0,23,0,137,0,0,153,59,0,0,1,0,0,0,0,0,0,0,0,0,0,0,0,0,0,0,0,1,1,1,1,1,1,2,2,0,0,3,8,0,0,1,98,476.0,5,58.3,,38.56,,,100.0,100.0,100.0,100.0
Coventry,Ellis Simms,31,3,19,12,19,3,7,9,7,5,0,0,1,0,0,0,1,0,1,1,0,0,1,0,1,0,0,0,0,0,0,0,0,2,1,9,6,3,1,12,7,0,0,1,2,0,2,1,13,117.0,3,63.16,,0.0,100.0,0.0,50.0,66.67,33.33,58.33
Coventry,Ephron Mason-Clark,86,7,49,29,47,14,15,20,21,8,9,1,4,0,0,1,4,3,4,2,0,2,3,1,2,0,0,0,0,0,0,0,0,4,0,17,7,8,0,25,7,0,0,6,9,2,7,4,34,231.0,4,59.18,11.11,0.0,50.0,0.0,0.0,41.18,0.0,28.0
Coventry,Ethan Pinnock,124,3,72,54,66,35,23,14,14,40,1,0,17,6,0,0,0,0,2,0,2,0,2,0,0,0,0,0,0,0,0,0,0,1,0,19,10,6,2,25,12,3,4,30,4,1,1,0,21,305.0,4,75.0,0.0,35.29,0.0,0.0,0.0,52.63,33.33,48.0
Coventry,Frank Onyeka,120,3,86,59,86,34,17,35,27,32,1,0,14,8,0,0,0,0,1,1,0,0,1,0,1,0,0,0,0,0,0,0,0,1,0,3,3,8,2,11,5,5,6,3,14,3,7,6,32,324.0,4,68.6,0.0,57.14,100.0,0.0,0.0,100.0,25.0,45.45
Coventry,Gustavo Hamer,26,0,22,17,21,8,8,6,11,6,0,0,3,1,0,1,0,0,0,0,0,0,0,0,0,0,0,0,0,0,0,0,0,1,0,3,1,3,0,6,1,1,0,0,2,0,3,0,7,49.0,3,77.27,,33.33,,,0.0,33.33,0.0,16.67
Coventry,Jack Rudoni,175,7,115,85,104,46,34,35,62,23,4,2,13,7,2,6,9,8,6,3,2,1,4,2,3,0,0,0,0,0,0,0,0,9,1,14,8,20,3,34,11,4,3,4,21,4,5,5,51,302.0,5,73.91,50.0,53.85,50.0,0.0,11.11,57.14,15.0,32.35
Coventry,Jay Dasilva,232,2,182,146,163,71,49,62,99,47,11,3,13,3,0,0,4,4,3,2,1,0,2,1,2,0,1,1,0,1,0,0,0,10,7,10,4,18,11,28,15,4,4,13,14,1,2,0,46,465.0,5,80.22,27.27,23.08,66.67,33.33,70.0,40.0,61.11,53.57
Coventry,Joel Latibeaudiere,2,0,0,0,0,0,0,0,0,0,0,0,0,0,0,0,0,0,0,0,0,0,0,0,0,0,0,0,0,0,0,0,0,0,0,0,0,0,0,0,0,0,0,1,0,0,0,0,0,6.0,1,,,,,,,,,
Coventry,Loum Tchaouna,104,5,77,51,71,22,27,28,36,15,7,1,11,3,0,3,3,3,6,2,2,2,2,4,2,0,0,0,0,0,0,0,0,6,2,4,2,9,3,13,5,1,0,5,11,1,1,3,32,223.0,4,66.23,14.29,27.27,33.33,0.0,33.33,50.0,33.33,38.46
Coventry,Matt Grimes,302,0,261,208,241,118,63,80,107,101,6,1,32,10,0,8,2,1,4,0,2,2,0,4,0,0,0,0,0,0,0,0,0,1,0,10,6,15,4,25,10,9,2,8,16,1,3,5,55,463.0,5,79.69,16.67,31.25,0.0,0.0,0.0,60.0,26.67,40.0
Coventry,Milan van Ewijk,197,7,145,118,119,57,47,41,73,45,4,3,33,19,0,0,3,2,0,0,0,0,0,0,0,0,0,0,0,0,0,0,0,7,1,6,4,19,5,25,9,6,5,14,13,6,4,2,39,380.0,4,81.38,75.0,57.58,,,14.29,66.67,26.32,36.0
Coventry,Sidiki Cherif,12,0,4,4,4,0,3,1,2,2,0,0,0,0,0,0,0,0,0,0,0,0,0,0,0,0,0,0,0,0,0,0,0,1,0,3,2,1,0,4,2,0,1,0,0,0,0,1,3,37.0,1,100.0,,,,,0.0,66.67,0.0,50.0
Coventry,Stephen Mfuni,45,2,32,26,31,9,11,12,6,20,0,0,4,2,0,0,0,0,0,0,0,0,0,0,0,0,0,0,0,0,0,0,0,1,1,4,4,4,2,8,6,1,1,5,3,1,1,0,8,96.0,1,81.25,,50.0,,,100.0,100.0,50.0,75.0
Coventry,Taiwo Awoniyi,70,12,38,31,38,6,13,19,21,10,0,0,1,1,0,0,2,0,6,2,3,1,5,1,2,0,0,0,0,0,0,0,0,6,4,12,2,9,5,21,7,1,1,2,7,1,3,2,20,286.0,4,81.58,,100.0,33.33,0.0,66.67,16.67,55.56,33.33
Coventry,Tatsuhiro Sakamoto,27,2,15,12,15,4,7,4,12,0,3,1,1,1,0,0,0,0,1,0,0,1,1,0,0,0,0,0,0,0,0,0,0,1,0,1,1,3,2,4,3,2,0,0,2,1,0,0,8,37.0,1,80.0,33.33,100.0,0.0,0.0,0.0,100.0,66.67,75.0
Coventry,Victor Torp,43,0,35,28,32,13,12,10,24,4,2,1,2,0,0,1,1,1,0,0,0,0,0,0,0,0,0,0,0,0,0,0,0,0,0,0,0,2,0,2,0,0,1,1,2,1,1,0,10,71.0,3,80.0,50.0,0.0,,,,,0.0,0.0
Crystal Palace,Adam Wharton,291,3,221,166,209,118,30,73,78,88,1,1,22,10,2,5,7,4,4,1,1,2,0,4,0,1,0,0,0,0,0,0,0,2,1,4,1,21,6,25,7,10,6,9,15,2,1,10,70,455.0,5,75.11,100.0,45.45,25.0,0.0,50.0,25.0,28.57,28.0
Crystal Palace,Anan Khalaili,288,11,193,139,160,88,58,47,73,66,12,1,32,13,1,0,3,2,7,1,5,1,5,2,1,0,1,1,0,1,0,0,0,13,6,9,5,44,18,53,23,21,6,20,26,6,4,1,68,399.0,5,72.02,8.33,40.62,14.29,14.29,46.15,55.56,40.91,43.4
Crystal Palace,Axel Disasi,115,1,90,80,79,37,7,46,2,78,0,0,13,7,1,0,1,1,0,0,0,0,0,0,0,0,0,0,0,0,0,0,0,1,1,6,3,9,4,15,7,5,6,7,11,1,3,0,12,211.0,3,88.89,,53.85,,,100.0,50.0,44.44,46.67
Crystal Palace,Ben Chilwell,19,2,12,9,10,5,5,2,6,3,1,0,1,0,1,0,0,0,2,1,1,0,2,0,1,0,1,1,0,1,0,0,0,1,1,0,0,1,1,1,1,0,0,1,0,0,0,2,3,40.0,2,75.0,0.0,0.0,50.0,50.0,100.0,,100.0,100.0
Crystal Palace,Chadi Riad,61,0,49,46,49,19,14,16,13,33,0,0,3,2,0,0,0,0,0,0,0,0,0,0,0,0,0,0,0,0,0,0,0,1,0,2,2,2,1,4,3,1,1,5,3,1,2,0,6,72.0,1,93.88,,66.67,,,0.0,100.0,50.0,75.0
Crystal Palace,Chris Richards,314,1,236,203,213,111,27,98,40,163,2,0,28,10,1,0,0,0,2,2,0,0,1,1,1,1,0,0,0,0,0,0,0,4,2,15,6,14,8,29,14,8,7,33,16,7,2,0,38,474.0,5,86.02,0.0,35.71,100.0,0.0,50.0,40.0,57.14,48.28
Crystal Palace,Daichi Kamada,259,9,204,174,202,83,57,64,89,85,4,1,11,6,0,1,5,1,4,1,2,1,3,1,1,0,0,0,0,0,0,0,0,5,2,2,2,28,11,30,13,11,1,4,23,4,1,7,43,456.0,5,85.29,25.0,54.55,25.0,0.0,40.0,100.0,39.29,43.33
Crystal Palace,Daniel Muñoz,48,2,36,30,30,8,13,15,17,13,0,0,5,3,0,0,0,0,2,1,1,0,2,0,1,0,0,0,0,0,0,0,0,0,0,3,2,2,1,5,3,1,1,2,1,1,1,0,9,54.0,1,83.33,,60.0,50.0,0.0,,66.67,50.0,60.0
Crystal Palace,Darío Osorio,4,0,2,1,2,0,0,2,1,0,0,0,0,0,0,0,0,0,0,0,0,0,0,0,0,0,0,0,0,0,0,0,0,0,0,0,0,1,0,1,0,1,0,0,0,1,0,0,1,6.0,1,50.0,,,,,,,0.0,0.0
Crystal Palace,Dean Henderson,116,0,95,78,77,55,1,39,0,78,0,0,25,9,0,0,0,0,0,0,0,0,0,0,0,0,0,0,0,0,0,0,0,0,0,0,0,0,0,0,0,0,0,2,6,0,0,0,17,286.0,3,82.11,,36.0,,,,,,
Crystal Palace,Dwight McNeil,46,0,35,29,35,8,7,20,20,9,0,0,2,1,0,0,0,0,1,0,0,1,0,1,0,0,0,0,0,0,0,0,0,0,0,0,0,4,0,4,0,0,1,2,3,1,1,0,10,90.0,2,82.86,,50.0,0.0,0.0,,,0.0,0.0
Crystal Palace,Eddie Nketiah,68,8,35,24,35,11,10,14,18,6,0,0,0,0,1,0,4,2,4,2,2,0,4,0,2,0,0,0,0,0,0,0,0,6,2,11,4,15,6,26,10,4,1,1,6,1,3,1,24,179.0,4,68.57,,,50.0,0.0,33.33,36.36,40.0,38.46
Crystal Palace,Evann Guessand,27,0,16,14,16,4,3,9,12,2,1,0,0,0,0,0,0,0,1,1,0,0,0,1,0,1,0,0,0,0,0,0,0,1,0,1,0,5,0,6,0,1,0,1,0,1,2,0,7,68.0,2,87.5,0.0,,100.0,0.0,0.0,0.0,0.0,0.0
Crystal Palace,Honest Ahanor,77,2,55,47,50,29,9,17,15,32,1,0,5,1,0,0,0,0,0,0,0,0,0,0,0,0,0,0,0,0,0,0,0,0,0,3,2,3,2,6,4,2,1,8,4,1,2,5,10,95.0,1,85.45,0.0,20.0,,,,66.67,66.67,66.67
Crystal Palace,Ismaïla Sarr,2,0,2,2,2,0,0,2,2,0,0,0,0,0,0,0,0,0,0,0,0,0,0,0,0,0,0,0,0,0,0,0,0,0,0,0,0,0,0,0,0,0,0,0,0,0,0,0,0,12.0,1,100.0,,,,,,,,
Crystal Palace,Jaydee Canvot,288,2,236,210,229,135,45,56,60,150,1,1,22,11,1,0,0,0,1,0,0,1,1,0,0,0,0,0,0,0,0,0,0,1,0,9,5,15,6,24,11,8,6,16,11,2,2,1,33,379.0,4,88.98,100.0,50.0,0.0,0.0,0.0,55.56,40.0,45.83
Crystal Palace,Jean-Philippe Mateta,21,2,12,9,12,2,0,10,5,4,0,0,0,0,0,0,1,0,2,0,2,0,2,0,0,0,0,0,0,0,0,0,0,0,0,3,1,3,0,6,1,2,0,1,2,0,2,0,6,62.0,1,75.0,,,0.0,0.0,,33.33,0.0,16.67
Crystal Palace,Jefferson Lerma,37,2,21,18,19,14,1,6,6,12,0,0,5,4,0,0,0,0,1,0,1,0,1,0,0,0,0,0,0,0,0,0,0,1,1,9,5,4,3,13,8,2,1,5,3,0,2,1,3,60.0,2,85.71,,80.0,0.0,0.0,100.0,55.56,75.0,61.54
Crystal Palace,Jørgen Strand Larsen,103,8,52,38,51,14,17,21,25,13,0,0,2,1,0,0,2,2,6,4,1,1,4,2,2,2,1,1,0,1,0,0,0,4,2,20,10,15,4,35,14,2,0,4,5,0,4,3,39,310.0,5,73.08,,50.0,66.67,16.67,50.0,50.0,26.67,40.0
Crystal Palace,Quinten Timber,149,6,97,74,95,42,24,31,33,41,2,0,10,4,0,0,2,2,5,1,3,1,3,2,1,0,0,0,0,0,0,0,0,5,3,5,1,20,9,25,10,11,2,3,10,1,4,6,33,261.0,3,76.29,0.0,40.0,20.0,0.0,60.0,20.0,45.0,40.0
Crystal Palace,Takehiro Tomiyasu,142,4,111,93,104,51,15,45,34,59,4,0,10,3,0,0,1,0,0,0,0,0,0,0,0,0,0,0,0,0,0,0,0,0,0,14,4,2,1,16,5,2,5,9,7,2,2,2,20,202.0,4,83.78,0.0,30.0,,,,28.57,50.0,31.25
Crystal Palace,Tyrick Mitchell,261,13,190,138,154,61,61,68,79,59,11,1,21,8,1,0,5,2,5,2,2,1,4,1,2,0,2,2,0,2,0,0,0,4,2,6,3,24,9,30,12,11,2,14,23,7,3,0,67,434.0,5,72.63,9.09,38.1,40.0,40.0,50.0,50.0,37.5,40.0
Crystal Palace,Walter Benítez,70,0,58,38,42,48,0,10,0,38,0,0,32,12,0,0,0,0,0,0,0,0,0,0,0,0,0,0,0,0,0,0,0,0,0,1,1,0,0,1,1,0,0,0,1,0,0,0,20,188.0,2,65.52,,37.5,,,,100.0,,100.0
Crystal Palace,Will Hughes,22,0,13,9,13,6,3,4,7,2,2,1,0,0,0,0,1,1,0,0,0,0,0,0,0,0,0,0,0,0,0,0,0,1,0,0,0,2,1,2,1,1,0,3,3,1,0,0,6,40.0,2,69.23,50.0,,,,0.0,,50.0,50.0
Crystal Palace,Yéremy Pino,202,9,149,106,137,58,37,54,61,45,8,2,14,5,5,6,5,4,6,1,4,1,2,4,0,1,0,0,0,0,0,0,0,7,2,6,2,15,5,21,7,5,1,3,16,4,5,7,61,314.0,5,71.14,25.0,35.71,16.67,0.0,28.57,33.33,33.33,33.33
Crystal Palace,Zavier Gozo,14,0,6,4,6,2,0,4,2,2,1,0,1,0,0,0,0,0,0,0,0,0,0,0,0,0,0,0,0,0,0,0,0,3,0,2,0,7,1,9,1,1,0,0,0,1,1,0,8,40.0,2,66.67,0.0,0.0,,,0.0,0.0,14.29,11.11
Crystal Palace,Óscar Mingueza,14,0,8,5,5,3,2,3,3,2,0,0,3,0,0,0,0,0,0,0,0,0,0,0,0,0,0,0,0,0,0,0,0,0,0,1,0,3,2,4,2,2,0,0,1,1,1,0,4,27.0,2,62.5,,0.0,,,,0.0,66.67,50.0
Everton,Ainsley Maitland-Niles,106,0,83,70,71,28,26,29,33,37,4,1,8,4,0,0,3,2,2,1,1,0,0,2,0,1,1,0,1,1,0,0,0,4,3,4,1,12,7,16,8,5,1,6,7,0,0,1,16,184.0,3,84.34,25.0,50.0,50.0,50.0,75.0,25.0,58.33,50.0
Everton,Beto,14,1,7,4,7,1,2,4,1,3,1,0,0,0,0,0,0,0,2,0,1,1,0,2,0,0,0,0,0,0,0,0,0,0,0,5,1,1,0,6,1,0,0,0,0,1,0,0,5,44.0,2,57.14,0.0,,0.0,0.0,,20.0,0.0,16.67
Everton,Brennan Johnson,97,8,56,36,56,13,18,25,23,13,7,2,3,2,0,0,4,3,4,0,3,1,4,0,0,0,0,0,0,0,0,0,0,2,1,4,1,13,6,17,7,7,3,6,11,4,5,1,27,251.0,5,64.29,28.57,66.67,0.0,0.0,50.0,25.0,46.15,41.18
Everton,Charly Alcaraz,9,4,5,3,5,2,1,2,3,0,0,0,2,0,0,0,0,0,2,1,1,0,2,0,1,0,0,0,0,0,0,0,0,1,0,1,0,3,1,4,1,1,0,0,2,0,1,0,3,12.0,2,60.0,,0.0,50.0,0.0,0.0,0.0,33.33,25.0
Everton,Harrison Armstrong,218,6,156,138,156,47,49,60,78,60,1,0,5,2,1,0,4,4,4,0,3,1,2,2,0,0,0,0,0,0,0,0,0,7,2,8,2,21,7,29,9,8,4,6,19,4,9,2,37,470.0,5,88.46,0.0,40.0,0.0,0.0,28.57,25.0,33.33,31.03
Everton,Hayden Hackney,117,8,87,74,80,42,17,28,38,36,1,0,10,2,0,4,4,2,2,0,1,1,2,0,0,0,0,0,0,0,0,0,0,5,0,1,0,13,1,14,1,3,2,2,5,3,2,3,22,160.0,5,85.06,0.0,20.0,0.0,0.0,0.0,0.0,7.69,7.14
Everton,Iliman Ndiaye,121,10,79,71,78,24,20,35,44,27,2,1,1,1,0,0,4,1,4,3,1,0,2,2,2,1,0,0,0,0,0,0,0,8,2,3,1,18,3,21,4,5,2,3,15,3,2,1,25,191.0,2,89.87,50.0,100.0,75.0,0.0,25.0,33.33,16.67,19.05
Everton,Jack Grealish,95,9,79,66,78,21,23,35,58,8,2,0,2,1,0,0,6,4,1,0,0,1,0,1,0,0,0,0,0,0,0,0,0,4,1,0,0,9,2,9,2,2,0,2,8,0,1,5,17,138.0,3,83.54,0.0,50.0,0.0,0.0,25.0,,22.22,22.22
Everton,Jake O'Brien,6,0,4,3,3,2,2,0,0,3,0,0,1,0,0,0,0,0,0,0,0,0,0,0,0,0,0,0,0,0,0,0,0,0,0,0,0,0,0,0,0,0,0,2,2,0,0,0,1,27.0,2,75.0,,0.0,,,,,,
Everton,James Garner,244,1,202,173,188,71,44,87,93,80,3,0,18,5,1,8,4,3,3,1,0,2,0,3,0,1,0,0,0,0,0,0,0,0,0,2,0,17,8,19,8,11,3,5,25,4,4,5,35,347.0,5,85.64,0.0,27.78,33.33,0.0,,0.0,47.06,42.11
Everton,James Tarkowski,305,5,232,193,199,118,32,82,49,144,1,0,32,11,0,0,1,0,4,1,3,0,3,1,1,0,1,1,0,1,0,0,0,1,0,26,20,12,9,38,29,11,14,23,18,2,1,8,42,478.0,5,83.19,0.0,34.38,25.0,25.0,0.0,76.92,75.0,76.32
Everton,Jarrad Branthwaite,304,6,228,193,215,111,47,70,31,162,0,0,33,14,1,0,0,0,3,3,0,0,3,0,3,0,0,0,0,0,0,0,0,1,0,19,13,8,3,27,16,5,7,31,14,4,3,3,38,478.0,5,84.65,,42.42,100.0,0.0,0.0,68.42,37.5,59.26
Everton,Jordan Pickford,258,0,226,151,190,193,0,33,0,151,0,0,105,32,0,0,0,0,0,0,0,0,0,0,0,0,0,0,0,0,0,0,0,1,1,1,1,1,1,2,2,0,0,2,13,0,0,4,75,478.0,5,66.81,,30.48,,,100.0,100.0,100.0,100.0
Everton,Kiernan Dewsbury-Hall,303,20,212,171,195,79,58,75,122,49,10,1,20,6,2,13,11,8,18,4,5,9,11,7,3,1,1,1,0,1,0,0,0,16,6,4,1,39,10,43,11,11,1,3,26,6,1,8,68,466.0,5,80.66,10.0,30.0,22.22,5.56,37.5,25.0,25.64,25.58
Everton,Merlin Röhl,160,1,123,94,94,44,34,45,51,43,7,1,16,9,0,0,2,2,0,0,0,0,0,0,0,0,0,0,0,0,0,0,0,2,0,9,3,10,4,19,7,5,0,7,13,6,3,4,37,256.0,3,76.42,14.29,56.25,,,0.0,33.33,40.0,36.84
Everton,Thierno Barry,146,26,74,56,74,14,21,39,42,14,2,1,1,0,0,0,4,2,17,5,6,6,16,1,5,0,2,2,0,2,0,0,0,8,4,48,17,14,5,62,22,1,2,4,11,3,3,5,46,434.0,5,75.68,50.0,0.0,29.41,11.76,50.0,35.42,35.71,35.48
Everton,Tim Iroegbunam,1,0,1,1,0,0,0,1,1,0,0,0,0,0,0,0,0,0,0,0,0,0,0,0,0,0,0,0,0,0,0,0,0,0,0,0,0,0,0,0,0,0,0,0,0,0,1,0,0,9.0,1,100.0,,,,,,,,
Everton,Tyler Dibling,9,3,4,4,4,1,1,2,4,0,1,1,1,1,0,0,2,1,3,1,1,1,3,0,1,0,0,0,0,0,0,0,0,0,0,0,0,1,0,1,0,0,0,0,0,0,0,0,1,33.0,1,100.0,100.0,100.0,33.33,0.0,,,0.0,0.0
Everton,Tyrique George,175,18,115,93,113,28,39,48,68,25,9,1,5,3,0,0,6,4,10,2,3,5,5,5,1,1,1,1,0,1,0,0,0,16,9,2,2,25,10,27,12,1,3,2,12,3,1,5,45,324.0,5,80.87,11.11,60.0,20.0,10.0,56.25,100.0,40.0,44.44
Everton,Vitalii Mykolenko,344,5,277,212,223,135,68,74,93,119,11,1,51,17,0,0,2,1,1,0,0,1,1,0,0,0,0,0,0,0,0,0,0,5,2,17,10,26,13,43,23,14,7,15,30,2,3,3,74,478.0,5,76.53,9.09,33.33,0.0,0.0,40.0,58.82,50.0,53.49
Fulham,Alex Iwobi,359,10,315,281,298,128,83,104,157,124,4,1,36,27,3,10,10,9,6,1,0,5,5,1,1,0,0,0,0,0,0,0,0,8,1,1,0,18,5,19,5,5,3,2,19,0,2,2,52,416.0,5,89.21,25.0,75.0,16.67,0.0,12.5,0.0,27.78,26.32
Fulham,Antonee Robinson,340,6,277,213,237,101,96,80,118,95,18,4,43,25,0,0,7,4,4,0,3,1,1,3,0,0,0,0,0,0,0,0,0,8,4,9,2,30,14,39,16,13,3,14,20,1,4,4,74,440.0,5,76.9,22.22,58.14,0.0,0.0,50.0,22.22,46.67,41.03
Fulham,Bernd Leno,260,0,234,174,177,169,0,65,0,174,0,0,74,15,0,0,0,0,0,0,0,0,0,0,0,0,0,0,0,0,0,0,0,0,0,1,1,0,0,1,1,0,0,4,9,0,0,0,60,469.0,5,74.36,,20.27,,,,100.0,,100.0
Fulham,Calvin Bassey,420,4,354,319,338,188,59,107,106,213,0,0,41,24,1,0,0,0,3,2,0,1,2,1,2,0,0,0,0,0,0,0,0,10,4,7,2,17,7,24,9,6,4,17,22,3,3,7,45,469.0,5,90.11,,58.54,66.67,0.0,40.0,28.57,41.18,37.5
Fulham,César Palacios,146,10,99,85,97,23,43,33,54,31,1,0,4,2,0,0,2,1,8,2,4,2,6,2,2,0,1,1,0,1,0,0,0,8,5,5,2,12,7,17,9,3,1,5,10,7,6,0,27,230.0,4,85.86,0.0,50.0,25.0,12.5,62.5,40.0,58.33,52.94
Fulham,David Affengruber,137,0,110,95,108,55,21,34,16,79,0,0,14,2,1,0,1,0,0,0,0,0,0,0,0,0,0,0,0,0,0,0,0,1,1,2,0,6,3,8,3,3,2,16,7,0,1,0,15,187.0,2,86.36,,14.29,,,100.0,0.0,50.0,37.5
Fulham,Emile Smith Rowe,36,3,27,23,27,10,7,10,19,4,0,0,1,0,0,0,1,0,1,0,0,1,1,0,0,0,0,0,0,0,0,0,0,1,0,3,0,2,0,5,0,0,1,0,2,0,0,0,6,53.0,3,85.19,,0.0,0.0,0.0,0.0,0.0,0.0,0.0
Fulham,Gonzalo García,163,27,96,69,92,26,30,40,45,24,3,0,2,1,1,0,3,3,15,1,5,9,13,2,1,0,1,1,0,1,0,0,0,9,4,35,16,19,5,54,21,2,1,5,9,2,7,3,50,437.0,5,71.88,0.0,50.0,6.67,6.67,44.44,45.71,26.32,38.89
Fulham,Hugo Larsson,32,3,26,19,26,15,5,6,12,7,0,0,1,1,0,0,0,0,1,0,0,1,1,0,0,0,0,0,0,0,0,0,0,0,0,0,0,2,0,2,0,1,0,2,3,0,0,0,7,51.0,3,73.08,,100.0,0.0,0.0,,,0.0,0.0
Fulham,Joachim Andersen,233,4,201,178,193,89,39,73,52,126,0,0,23,12,0,0,3,3,0,0,0,0,0,0,0,0,0,0,0,0,0,0,0,0,0,12,8,3,1,15,9,2,2,15,9,4,3,2,25,202.0,3,88.56,,52.17,,,,66.67,33.33,60.0
Fulham,Jorge Cuenca,99,0,87,77,85,45,7,35,15,62,0,0,11,6,0,0,2,2,0,0,0,0,0,0,0,0,0,0,0,0,0,0,0,0,0,3,2,1,1,4,3,1,1,5,3,0,0,0,10,94.0,1,88.51,,54.55,,,,66.67,100.0,75.0
Fulham,Josh King,236,37,166,137,166,35,67,64,92,45,4,0,6,2,0,0,4,4,14,7,4,3,11,3,5,2,2,2,0,2,0,0,0,18,7,3,1,31,11,34,12,7,1,3,16,2,5,6,53,437.0,5,82.53,0.0,33.33,50.0,14.29,38.89,33.33,35.48,35.29
Fulham,Kenny Tete,14,1,10,7,7,4,3,3,2,5,0,0,2,1,0,0,0,0,0,0,0,0,0,0,0,0,0,0,0,0,0,0,0,0,0,0,0,0,0,0,0,0,0,3,0,0,2,0,3,32.0,1,70.0,,50.0,,,,,,
Fulham,Kevin,47,1,30,21,26,8,10,12,13,8,1,0,3,0,1,4,0,0,2,1,1,0,1,1,1,0,0,0,0,0,0,0,0,6,2,0,0,13,3,13,3,3,1,0,4,1,3,0,16,80.0,4,70.0,0.0,0.0,50.0,0.0,33.33,,23.08,23.08
Fulham,Oscar Bobb,192,20,128,102,116,33,44,51,78,24,3,1,7,2,1,12,8,7,4,1,2,1,4,0,1,0,0,0,0,0,0,0,0,14,3,4,1,31,4,35,5,8,5,2,15,4,2,5,50,343.0,5,79.69,33.33,28.57,25.0,0.0,21.43,25.0,12.9,14.29
Fulham,Rodrigo Muniz,25,6,10,6,10,2,2,6,5,1,0,0,0,0,0,0,1,1,3,2,1,0,2,1,1,1,0,0,0,0,0,0,0,1,0,12,7,1,0,13,7,0,0,3,0,0,1,1,9,57.0,4,60.0,,,66.67,0.0,0.0,58.33,0.0,53.85
Fulham,Ryan Sessegnon,74,6,56,40,45,22,16,18,28,12,6,2,11,4,1,2,1,1,3,1,1,1,2,1,1,0,0,0,0,0,0,0,0,7,4,2,1,11,4,13,5,1,2,0,3,0,0,0,23,65.0,3,71.43,33.33,36.36,33.33,0.0,57.14,50.0,36.36,38.46
Fulham,Sander Berge,274,6,244,222,240,81,73,90,88,134,1,0,9,4,1,0,6,4,2,1,0,1,1,1,0,1,0,0,0,0,0,0,0,0,0,7,2,11,2,18,4,4,1,4,8,1,1,1,31,358.0,5,90.98,0.0,44.44,50.0,0.0,,28.57,18.18,22.22
Fulham,Shea Charles,259,5,202,180,200,75,49,78,92,88,2,0,9,2,0,0,3,2,2,0,1,1,1,1,0,0,0,0,0,0,0,0,0,5,3,6,3,15,6,21,9,4,9,8,19,2,1,3,29,320.0,5,89.11,0.0,22.22,0.0,0.0,60.0,50.0,40.0,42.86
Fulham,Timothy Castagne,309,10,256,204,212,98,87,71,86,118,5,1,28,9,1,0,4,4,4,2,2,0,4,0,2,0,0,0,0,0,0,0,0,3,1,11,3,11,6,22,9,6,4,16,18,2,9,4,56,419.0,5,79.69,20.0,32.14,50.0,0.0,33.33,27.27,54.55,40.91
Hull,Brooke Norton-Cuffy,19,3,12,8,10,5,4,3,5,3,2,0,3,2,0,0,0,0,1,0,0,1,1,0,0,0,0,0,0,0,0,0,0,2,1,0,0,2,1,2,1,0,0,2,4,0,1,0,5,45.0,2,66.67,0.0,66.67,0.0,0.0,50.0,,50.0,50.0
Hull,Cody Drameh,30,0,19,12,12,10,4,5,4,8,0,0,5,1,0,0,0,0,1,0,1,0,0,1,0,0,0,0,0,0,0,0,0,1,0,1,1,3,1,4,2,1,2,3,4,0,1,1,8,77.0,2,63.16,,20.0,0.0,0.0,0.0,100.0,33.33,50.0
Hull,Elliot Stroud,66,4,41,26,41,11,11,19,15,11,4,1,5,1,1,0,1,1,3,0,3,0,1,2,0,0,0,0,0,0,0,0,0,1,1,6,2,7,4,13,6,5,2,1,12,0,6,0,23,249.0,4,63.41,25.0,20.0,0.0,0.0,100.0,33.33,57.14,46.15
Hull,Hidemasa Morita,21,0,16,12,16,8,2,6,5,7,1,0,1,0,1,0,1,0,0,0,0,0,0,0,0,0,0,0,0,0,0,0,0,2,2,2,1,3,2,5,3,0,0,1,1,0,0,0,5,45.0,1,75.0,0.0,0.0,,,100.0,50.0,66.67,60.0
Hull,Jens Hjertø-Dahl,3,0,2,1,2,1,0,1,0,1,0,0,0,0,0,0,0,0,0,0,0,0,0,0,0,0,0,0,0,0,0,0,0,0,0,0,0,1,0,1,0,0,0,0,1,0,0,1,1,12.0,1,50.0,,,,,,,0.0,0.0
Hull,Joe Gelhardt,19,3,10,6,9,3,3,4,6,0,0,0,0,0,0,1,0,0,3,0,1,2,1,2,0,0,0,0,0,0,0,0,0,3,3,0,0,3,3,3,3,0,0,0,1,0,0,0,6,14.0,1,60.0,,,0.0,0.0,100.0,,100.0,100.0
Hull,John Egan,202,2,128,100,125,72,15,41,9,91,0,0,11,4,0,0,0,0,3,1,2,0,1,2,0,1,0,0,0,0,0,0,0,0,0,13,8,11,3,24,11,9,6,39,12,5,3,1,30,457.0,5,78.12,,36.36,33.33,0.0,,61.54,27.27,45.83
Hull,Konstantinos Tzolakis,256,0,217,109,139,207,0,10,0,109,0,0,160,55,0,0,0,0,0,0,0,0,0,0,0,0,0,0,0,0,0,0,0,0,0,3,3,1,0,4,3,1,0,0,13,0,0,5,108,476.0,5,50.23,,34.38,,,,100.0,0.0,75.0
Hull,Lewie Coyle,170,4,138,99,104,73,37,28,49,50,8,1,29,15,0,0,2,0,1,0,0,1,1,0,0,0,0,0,0,0,0,0,0,0,0,8,2,7,3,15,5,3,2,7,11,1,2,4,44,354.0,5,71.74,12.5,51.72,0.0,0.0,,25.0,42.86,33.33
Hull,Liam Millar,22,2,10,6,10,0,2,8,5,1,0,0,0,0,0,0,0,0,3,1,2,0,1,2,0,1,1,0,1,1,0,0,0,1,0,1,0,4,1,5,1,1,0,2,1,0,1,1,7,63.0,2,60.0,,,33.33,33.33,0.0,0.0,25.0,20.0
Hull,Lucas Gourna-Douath,78,0,53,38,49,23,15,15,25,13,1,0,5,3,0,0,3,0,1,0,0,1,0,1,0,0,0,0,0,0,0,0,0,4,1,5,3,14,3,19,6,5,2,2,7,2,2,1,21,150.0,3,71.7,0.0,60.0,0.0,0.0,25.0,60.0,21.43,31.58
Hull,Lucas Herrington,104,4,81,73,79,38,23,20,26,47,0,0,3,2,0,0,1,0,1,0,0,1,1,0,0,0,0,0,0,0,0,0,0,0,0,9,5,3,1,12,6,2,2,11,6,3,1,0,9,227.0,5,90.12,,66.67,0.0,0.0,,55.56,33.33,50.0
Hull,Matt Crooks,80,0,53,41,50,23,11,19,17,24,1,1,7,4,0,0,1,1,0,0,0,0,0,0,0,0,0,0,0,0,0,0,0,1,0,4,4,15,5,19,9,8,0,6,4,5,5,1,16,209.0,3,77.36,100.0,57.14,,,0.0,100.0,33.33,47.37
Hull,Matt Targett,7,0,5,5,5,2,1,2,0,5,0,0,1,1,0,0,0,0,0,0,0,0,0,0,0,0,0,0,0,0,0,0,0,0,0,0,0,0,0,0,0,0,0,0,1,0,0,0,0,12.0,1,100.0,,100.0,,,,,,
Hull,Mohamed Belloumi,184,16,101,62,81,46,24,31,47,15,6,0,27,10,1,6,5,4,13,5,6,2,6,7,2,3,2,1,1,2,0,0,0,15,6,5,2,40,14,45,16,16,9,4,14,4,7,1,60,400.0,5,61.39,0.0,37.04,38.46,15.38,40.0,40.0,35.0,35.56
Hull,Mohamed-Ali Cho,29,4,19,12,18,9,5,5,12,0,3,2,2,1,0,1,3,2,4,3,1,0,4,0,3,0,1,1,0,1,0,0,0,2,1,2,1,2,1,4,2,0,0,1,1,0,1,0,9,96.0,4,63.16,66.67,50.0,75.0,25.0,50.0,50.0,50.0,50.0
Hull,Nobel Mendy,151,1,94,77,93,48,28,18,12,65,1,0,19,8,0,0,0,0,4,3,1,0,1,3,1,2,1,1,0,1,0,0,0,0,0,6,3,9,4,15,7,7,3,25,6,3,3,1,20,249.0,4,81.91,0.0,42.11,75.0,25.0,,50.0,44.44,46.67
Hull,Oliver McBurnie,170,19,92,54,91,37,18,37,36,18,0,0,4,3,0,0,6,3,10,3,4,3,8,2,3,0,0,0,0,0,0,0,0,9,4,57,25,18,5,75,30,3,1,8,9,4,7,11,62,461.0,5,58.7,,75.0,30.0,0.0,44.44,43.86,27.78,40.0
Hull,Paddy McNair,7,0,4,3,4,1,1,2,0,3,0,0,1,0,0,0,0,0,0,0,0,0,0,0,0,0,0,0,0,0,0,0,0,0,0,1,0,0,0,1,0,0,0,2,1,0,0,0,1,33.0,1,75.0,,0.0,,,,0.0,,0.0
Hull,Regan Slater,188,4,137,108,130,57,34,46,62,46,0,0,14,6,0,5,6,4,4,2,1,1,1,3,0,2,0,0,0,0,0,0,0,4,3,8,6,19,8,27,14,9,4,5,15,1,4,3,42,457.0,5,78.83,,42.86,50.0,0.0,75.0,75.0,42.11,51.85
Hull,Robinio Vaz,20,1,12,9,11,3,6,3,9,0,1,0,1,0,0,0,1,0,0,0,0,0,0,0,0,0,0,0,0,0,0,0,0,0,0,1,0,2,0,3,0,0,0,0,2,0,1,2,8,34.0,2,75.0,0.0,0.0,,,,0.0,0.0,0.0
Hull,Ryan Giles,210,2,162,101,133,75,46,41,67,34,38,8,30,12,0,4,8,7,1,0,0,1,0,1,0,0,0,0,0,0,0,0,0,4,2,7,5,12,5,19,10,5,4,16,14,3,1,1,71,464.0,5,62.35,21.05,40.0,0.0,0.0,50.0,71.43,41.67,52.63
Hull,Semi Ajayi,190,8,139,115,137,78,33,28,29,86,2,0,20,9,0,0,0,0,3,1,2,0,3,0,1,0,1,1,0,1,0,0,0,4,3,13,8,14,6,27,14,6,5,16,16,5,1,1,29,443.0,5,82.73,0.0,45.0,33.33,33.33,75.0,61.54,42.86,51.85
Hull,Sorba Thomas,63,3,42,28,41,16,10,16,22,6,7,1,6,3,0,0,3,3,3,0,1,2,1,2,0,0,0,0,0,0,0,0,0,4,2,3,0,10,2,13,2,1,0,1,7,0,1,0,27,130.0,3,66.67,14.29,50.0,0.0,0.0,50.0,0.0,20.0,15.38
Hull,Tim Iroegbunam,41,3,28,22,28,18,5,5,10,12,0,0,1,1,0,0,1,0,2,0,1,1,1,1,0,0,0,0,0,0,0,0,0,3,2,3,2,6,4,9,6,3,1,0,5,0,2,0,10,79.0,2,78.57,,100.0,0.0,0.0,66.67,66.67,66.67,66.67
Ipswich,Abdoul Ouattara,122,1,104,93,98,36,38,30,30,63,0,0,7,2,0,0,2,1,1,1,0,0,0,1,0,1,0,0,0,0,0,0,0,0,0,1,0,5,3,6,3,4,3,4,14,2,0,0,13,165.0,5,89.42,,28.57,100.0,0.0,,0.0,60.0,50.0
Ipswich,Abdul Fatawu,194,11,102,63,92,42,27,33,46,17,18,7,16,9,2,8,8,8,4,1,3,0,1,3,1,0,0,0,0,0,0,0,0,26,12,7,3,49,18,56,21,9,5,3,11,2,10,7,78,384.0,5,61.76,38.89,56.25,25.0,0.0,46.15,42.86,36.73,37.5
Ipswich,Christian Walton,63,0,60,33,48,52,0,8,0,33,0,0,37,10,0,0,0,0,0,0,0,0,0,0,0,0,0,0,0,0,0,0,0,0,0,1,1,0,0,1,1,0,0,0,5,0,0,0,27,98.0,1,55.0,,27.03,,,,100.0,,100.0
Ipswich,Chuba Akpom,30,3,15,10,15,4,5,6,8,2,0,0,0,0,0,0,0,0,2,1,0,1,2,0,1,0,1,1,0,1,0,0,0,3,0,11,4,6,0,17,4,1,0,0,2,2,1,2,11,100.0,3,66.67,,,50.0,50.0,0.0,36.36,0.0,23.53
Ipswich,Daizen Maeda,86,6,44,35,44,7,19,18,26,9,3,0,0,0,0,0,0,0,3,2,1,0,3,0,2,0,0,0,0,0,0,0,0,5,0,7,2,22,6,29,8,8,0,7,4,6,6,0,18,274.0,5,79.55,0.0,,66.67,0.0,0.0,28.57,27.27,27.59
Ipswich,Dara O'Shea,321,8,249,185,199,135,44,70,68,117,7,4,45,20,0,0,4,3,1,0,1,0,1,0,0,0,0,0,0,0,0,0,0,3,2,23,16,15,4,38,20,7,6,33,18,2,3,3,67,480.0,5,74.3,57.14,44.44,0.0,0.0,66.67,69.57,26.67,52.63
Ipswich,Darnell Furlong,19,0,15,11,13,6,3,6,6,5,0,0,1,0,0,0,0,0,0,0,0,0,0,0,0,0,0,0,0,0,0,0,0,0,0,3,2,2,0,5,2,1,1,1,0,0,0,0,5,26.0,1,73.33,,0.0,,,,66.67,0.0,40.0
Ipswich,Emersonn,99,15,39,28,39,11,10,18,20,8,1,1,1,0,0,0,2,1,9,4,4,1,9,0,4,0,2,2,0,2,0,0,0,6,3,25,7,14,6,39,13,3,0,3,4,3,1,5,36,317.0,5,71.79,100.0,0.0,44.44,22.22,50.0,28.0,42.86,33.33
Ipswich,Exequiel Palacios,245,2,201,182,197,78,44,79,99,83,1,0,11,7,0,0,3,0,0,0,0,0,0,0,0,0,0,0,0,0,0,0,0,2,0,1,1,14,5,15,6,9,6,4,23,1,5,6,25,289.0,4,90.55,0.0,63.64,,,0.0,100.0,35.71,40.0
Ipswich,Florentino,36,1,29,20,29,9,7,13,15,5,1,0,1,0,0,0,1,0,0,0,0,0,0,0,0,0,0,0,0,0,0,0,0,1,1,1,0,3,2,4,2,1,1,0,0,1,1,0,11,45.0,2,68.97,0.0,0.0,,,100.0,0.0,66.67,50.0
Ipswich,Issa Diop,326,3,267,242,258,134,49,84,40,202,0,0,20,8,0,0,2,0,1,0,0,1,1,0,0,0,0,0,0,0,0,0,0,2,2,9,7,9,6,18,13,4,11,23,21,3,5,1,27,480.0,5,90.64,,40.0,0.0,0.0,100.0,77.78,66.67,72.22
Ipswich,Jack Clarke,101,6,78,61,78,28,29,21,44,17,3,1,5,3,1,0,4,2,4,2,1,1,2,2,2,0,1,1,0,1,0,0,0,2,1,2,2,11,3,13,5,2,2,1,5,2,2,1,26,181.0,4,78.21,33.33,60.0,50.0,25.0,50.0,100.0,27.27,38.46
Ipswich,Jacob Greaves,244,2,200,179,176,88,33,79,47,132,0,0,12,5,0,0,1,1,1,1,0,0,0,1,0,1,0,0,0,0,1,1,0,0,0,12,7,6,3,18,10,5,2,18,12,3,2,5,22,374.0,4,89.5,,41.67,100.0,0.0,,58.33,50.0,55.56
Ipswich,Jaden Philogene,38,2,24,17,21,8,10,6,11,6,2,0,2,1,1,1,0,0,2,1,0,1,0,2,0,1,0,0,0,0,0,0,0,4,2,1,0,7,2,8,2,0,0,0,4,1,1,1,13,67.0,2,70.83,0.0,50.0,50.0,0.0,50.0,0.0,28.57,25.0
Ipswich,Julio Enciso,218,17,124,104,123,44,35,45,71,33,1,0,7,4,0,0,6,4,17,4,8,5,6,11,2,2,0,0,0,0,0,0,0,29,8,3,1,44,10,47,11,2,3,2,24,1,2,9,61,431.0,5,83.87,0.0,57.14,23.53,0.0,27.59,33.33,22.73,23.4
Ipswich,Kasey McAteer,19,0,12,11,12,3,6,3,4,7,0,0,0,0,0,0,0,0,1,1,0,0,0,1,0,1,0,0,0,0,0,0,0,1,0,2,0,2,1,4,1,1,0,0,4,1,1,0,3,62.0,3,91.67,,,100.0,0.0,0.0,0.0,50.0,25.0
Ipswich,Kjell Scherpen,184,0,151,99,127,136,0,15,0,99,0,0,83,33,0,0,0,0,0,0,0,0,0,0,0,0,0,0,0,0,0,0,0,0,0,3,3,0,0,3,3,0,1,3,7,0,0,1,52,382.0,4,65.56,,39.76,,,,100.0,,100.0
Ipswich,Leif Davis,249,14,196,141,149,72,72,52,71,70,13,2,34,19,1,0,4,4,6,3,3,0,6,0,3,0,2,2,0,2,0,0,0,1,0,7,3,7,1,14,4,2,3,15,10,1,1,3,65,480.0,5,71.94,15.38,55.88,50.0,33.33,0.0,42.86,14.29,28.57
Ipswich,Marcelino Núñez,93,2,73,63,71,29,15,29,31,32,1,0,6,5,0,1,1,0,1,0,1,0,1,0,0,0,0,0,0,0,0,0,0,3,2,0,0,12,3,12,3,3,1,4,10,0,1,0,14,140.0,2,86.3,0.0,83.33,0.0,0.0,66.67,,25.0,25.0
Ipswich,Sasa Lukic,296,2,257,221,239,93,56,108,106,115,0,0,15,5,1,8,5,3,1,0,0,1,0,1,0,0,0,0,0,0,0,0,0,2,1,6,2,15,5,21,7,7,6,9,13,1,11,1,38,409.0,5,85.99,,33.33,0.0,0.0,50.0,33.33,33.33,33.33
Ipswich,Sindre Egeli,2,0,1,1,1,0,1,0,1,0,0,0,0,0,0,0,0,0,0,0,0,0,0,0,0,0,0,0,0,0,0,0,0,0,0,0,0,0,0,0,0,0,0,0,0,0,1,1,0,15.0,1,100.0,,,,,,,,
Ipswich,Zian Flemming,28,3,16,8,15,9,6,1,7,1,1,0,2,0,0,0,1,0,5,3,2,0,3,2,1,2,1,1,0,1,0,0,0,1,1,7,3,3,1,10,4,1,0,1,3,0,4,0,11,81.0,3,50.0,0.0,0.0,60.0,20.0,100.0,42.86,33.33,40.0
Leeds,Anton Stach,268,12,172,103,143,64,49,59,61,42,6,1,29,10,0,17,6,4,7,2,2,3,2,5,1,1,1,0,1,1,0,0,0,8,2,18,12,29,8,47,20,13,11,14,21,4,10,9,90,460.0,5,59.88,16.67,34.48,28.57,14.29,25.0,66.67,27.59,42.55
Leeds,Ao Tanaka,167,4,122,110,118,38,43,41,44,66,0,0,3,2,0,0,0,0,5,0,4,1,3,2,0,0,0,0,0,0,0,0,0,4,3,4,2,13,6,17,8,8,2,8,10,3,4,2,15,258.0,4,90.16,,66.67,0.0,0.0,75.0,50.0,46.15,47.06
Leeds,Brenden Aaronson,81,1,39,28,39,15,12,12,16,12,0,0,1,1,0,0,0,0,1,1,0,0,0,1,0,1,0,0,0,0,0,0,0,5,2,10,4,19,5,29,9,3,0,2,11,4,1,6,28,208.0,5,71.79,,100.0,100.0,0.0,40.0,40.0,26.32,31.03
Leeds,Daniel James,34,4,13,7,13,6,2,5,7,0,4,0,2,1,0,0,0,0,6,0,3,3,2,4,0,0,0,0,0,0,0,0,0,9,4,3,1,11,4,14,5,0,0,1,4,1,1,0,14,65.0,3,53.85,0.0,50.0,0.0,0.0,44.44,33.33,36.36,35.71
Leeds,Dominic Calvert-Lewin,124,16,69,37,69,29,14,26,26,11,0,0,0,0,0,0,0,0,11,6,2,3,10,1,6,0,3,3,0,3,0,0,0,6,1,43,24,8,1,51,25,0,0,10,13,0,9,4,47,428.0,5,53.62,,,54.55,27.27,16.67,55.81,12.5,49.02
Leeds,Ethan Ampadu,316,1,256,195,212,109,55,92,79,116,2,1,49,14,0,0,5,5,2,0,1,1,0,2,0,0,0,0,0,0,0,0,0,1,1,12,4,20,7,32,11,12,11,10,24,2,4,4,67,467.0,5,76.17,50.0,28.57,0.0,0.0,100.0,33.33,35.0,34.38
Leeds,Gabriel Gudmundsson,162,4,119,73,100,64,31,24,41,32,9,3,28,10,1,0,1,1,0,0,0,0,0,0,0,0,0,0,0,0,0,0,0,12,3,4,3,24,6,28,9,9,3,3,12,3,2,4,60,257.0,3,61.34,33.33,35.71,,,25.0,75.0,25.0,32.14
Leeds,Harry Wilson,67,5,48,38,39,19,16,13,29,9,2,0,10,5,0,5,3,1,1,0,0,1,0,1,0,0,0,0,0,0,0,0,0,3,2,1,0,10,3,11,3,4,2,1,4,0,3,2,14,158.0,4,79.17,0.0,50.0,0.0,0.0,66.67,0.0,30.0,27.27
Leeds,Jaka Bijol,107,3,80,60,80,48,9,23,7,53,1,0,13,5,0,0,0,0,2,0,0,2,2,0,0,0,0,0,0,0,0,0,0,0,0,15,8,3,2,18,10,3,3,15,7,1,1,1,20,172.0,3,75.0,0.0,38.46,0.0,0.0,,53.33,66.67,55.56
Leeds,James Justin,256,7,180,124,154,83,46,51,48,76,9,2,31,9,0,0,4,2,4,2,1,1,3,1,1,1,0,0,0,0,0,0,0,0,0,17,11,23,9,40,20,16,8,21,14,3,3,6,64,467.0,5,68.89,22.22,29.03,50.0,0.0,,64.71,39.13,50.0
Leeds,James Trafford,254,0,221,150,163,184,0,37,0,150,0,0,111,42,0,0,0,0,0,0,0,0,0,0,0,0,0,0,0,0,0,0,0,0,0,2,1,0,0,2,1,0,0,2,13,0,0,0,71,467.0,5,67.87,,37.84,,,,50.0,,50.0
Leeds,Jayden Bogle,185,9,114,77,100,50,39,25,46,31,5,1,21,6,1,0,2,1,5,3,0,2,4,1,3,0,1,1,0,1,0,0,0,8,3,9,5,20,7,29,12,5,2,12,11,4,6,8,56,368.0,5,67.54,20.0,28.57,60.0,20.0,37.5,55.56,35.0,41.38
Leeds,Jean-Mattéo Bahoya,5,0,2,2,1,1,1,0,1,1,0,0,0,0,0,0,0,0,0,0,0,0,0,0,0,0,0,0,0,0,0,0,0,2,1,0,0,2,1,2,1,0,0,0,0,0,0,1,1,2.0,1,100.0,,,,,50.0,,50.0,50.0
Leeds,Joe Rodon,59,2,41,28,34,22,13,6,12,16,1,1,6,1,0,0,1,1,1,0,0,1,1,0,0,0,0,0,0,0,0,0,0,1,0,4,4,3,0,7,4,1,1,8,2,1,3,2,14,126.0,2,68.29,100.0,16.67,0.0,0.0,0.0,100.0,0.0,57.14
Leeds,Lukas Nmecha,28,4,13,7,13,4,3,6,6,1,2,0,0,0,0,0,1,1,3,0,2,1,3,0,0,0,0,0,0,0,0,0,0,6,1,3,0,7,1,10,1,1,0,0,3,0,0,3,12,82.0,4,53.85,0.0,,0.0,0.0,16.67,0.0,14.29,10.0
Leeds,Melvin Bard,9,0,6,4,6,2,1,3,2,2,0,0,0,0,0,0,0,0,0,0,0,0,0,0,0,0,0,0,0,0,0,0,0,1,0,2,1,2,1,4,2,1,1,0,2,0,1,0,3,22.0,1,66.67,,,,,0.0,50.0,50.0,50.0
Leeds,Nico Elvedi,231,10,185,167,183,74,44,67,47,120,0,0,10,8,0,0,2,2,2,1,1,0,2,0,1,0,0,0,0,0,0,0,0,1,0,14,6,9,1,23,7,2,4,18,8,1,1,2,25,341.0,4,90.27,,80.0,50.0,0.0,0.0,42.86,11.11,30.43
Leeds,Noah Okafor,132,8,66,44,66,20,24,22,36,8,9,3,7,2,0,0,2,2,5,1,1,3,3,2,1,0,1,1,0,1,0,0,0,31,12,7,3,41,19,48,22,7,1,2,8,1,2,5,50,303.0,5,66.67,33.33,28.57,20.0,20.0,38.71,42.86,46.34,45.83
Leeds,Sean Longstaff,5,0,3,3,3,0,2,1,2,1,0,0,0,0,0,0,0,0,0,0,0,0,0,0,0,0,0,0,0,0,0,0,0,0,0,0,0,0,0,0,0,0,0,0,0,1,0,1,0,19.0,2,100.0,,,,,,,,
Leeds,Tarik Muharemovic,348,8,260,220,250,131,45,84,31,189,1,0,31,16,0,0,1,1,5,1,2,2,5,0,1,0,0,0,0,0,0,0,0,3,3,35,16,11,5,46,21,5,11,39,16,3,2,5,43,467.0,5,84.62,0.0,51.61,20.0,0.0,100.0,45.71,45.45,45.65
Liverpool,Alexander Isak,122,23,58,47,57,16,22,20,43,4,1,0,5,4,0,0,1,1,15,7,5,3,14,1,7,0,4,4,0,4,0,0,0,11,4,8,5,17,4,25,9,1,1,1,3,2,1,3,38,431.0,5,81.03,0.0,80.0,46.67,26.67,36.36,62.5,23.53,36.0
Liverpool,Alexis Mac Allister,240,4,184,161,179,89,27,68,95,66,1,0,20,12,2,1,3,0,3,1,1,1,1,2,1,0,0,0,0,0,0,0,0,6,2,10,2,21,9,31,11,11,2,9,19,3,5,5,39,325.0,5,87.5,0.0,60.0,33.33,0.0,33.33,20.0,42.86,35.48
Liverpool,Alisson Becker,210,0,178,150,146,152,0,26,0,150,0,0,55,28,0,0,0,0,0,0,0,0,0,0,0,0,0,0,0,0,0,0,0,0,0,1,1,0,0,1,1,0,0,5,7,0,1,0,28,477.0,5,84.27,,50.91,,,,100.0,,100.0
Liverpool,Bradley Barcola,73,7,45,33,45,8,14,23,26,7,2,0,2,2,0,0,2,2,2,1,1,0,2,0,1,0,0,0,0,0,0,0,0,9,1,1,1,13,4,14,5,3,0,0,5,7,0,0,22,174.0,3,73.33,0.0,100.0,50.0,0.0,11.11,100.0,30.77,35.71
Liverpool,Cody Gakpo,220,21,135,106,132,44,39,52,93,13,10,2,7,3,4,0,11,10,10,1,2,7,5,5,0,1,1,0,1,1,0,0,0,17,6,8,4,35,13,43,17,8,7,2,15,0,6,6,59,393.0,5,78.52,20.0,42.86,10.0,10.0,35.29,50.0,37.14,39.53
Liverpool,Dominik Szoboszlai,415,1,341,275,296,118,109,114,164,111,11,3,46,24,0,17,11,10,13,5,4,4,1,12,1,4,1,1,0,1,0,0,0,6,2,12,3,19,6,31,9,6,4,6,22,11,10,3,80,463.0,5,80.65,27.27,52.17,38.46,7.69,33.33,25.0,31.58,29.03
Liverpool,Florian Wirtz,310,20,233,185,229,75,76,82,147,38,4,0,12,5,3,0,9,3,12,3,2,7,10,2,2,1,0,0,0,0,0,0,0,13,6,5,4,27,10,32,14,8,0,3,25,3,7,4,78,411.0,5,79.4,0.0,41.67,25.0,0.0,46.15,80.0,37.04,43.75
Liverpool,Jeremie Frimpong,153,7,120,98,107,36,40,44,59,39,11,2,11,7,0,0,6,6,1,0,0,1,0,1,0,0,0,0,0,0,0,0,0,4,1,0,0,11,3,11,3,4,1,7,7,2,2,1,33,192.0,3,81.67,18.18,63.64,0.0,0.0,25.0,,27.27,27.27
Liverpool,Jérémy Jacquet,413,2,353,319,344,186,36,131,125,194,0,0,36,23,0,0,3,1,0,0,0,0,0,0,0,0,0,0,0,0,0,0,0,3,3,13,10,16,9,29,19,11,8,13,21,1,5,5,41,428.0,5,90.37,,63.89,,,100.0,76.92,56.25,65.52
Liverpool,Kostas Tsimikas,70,1,58,42,47,27,15,16,24,18,4,0,4,1,0,2,0,0,1,1,0,0,0,1,0,1,0,0,0,0,0,0,0,2,1,1,0,4,1,5,1,1,1,1,3,1,4,0,20,70.0,2,72.41,0.0,25.0,100.0,0.0,50.0,0.0,25.0,20.0
Liverpool,Lewis Koumas,14,3,4,2,4,3,1,0,2,0,0,0,1,0,0,0,0,0,2,1,0,1,2,0,1,0,0,0,0,0,0,0,0,3,1,2,0,4,1,6,1,0,0,0,1,0,0,2,6,41.0,3,50.0,,0.0,50.0,0.0,33.33,0.0,25.0,16.67
Liverpool,Milos Kerkez,275,2,208,162,179,99,64,45,105,57,13,3,33,20,0,0,2,0,3,1,1,1,0,3,0,1,0,0,0,0,0,0,0,6,1,9,4,19,5,28,9,8,2,18,10,2,9,6,60,407.0,5,77.88,23.08,60.61,33.33,0.0,16.67,44.44,26.32,32.14
Liverpool,Rio Ngumoha,49,3,32,23,31,8,11,13,21,2,6,1,3,1,0,0,0,0,2,0,1,1,2,0,0,0,0,0,0,0,0,0,0,5,2,1,0,8,3,9,3,1,0,1,2,0,2,2,16,110.0,3,71.88,16.67,33.33,0.0,0.0,40.0,0.0,37.5,33.33
Liverpool,Ronald Araujo,250,3,199,156,173,98,45,56,82,74,8,0,35,17,0,0,0,0,0,0,0,0,0,0,0,0,0,0,0,0,0,0,0,4,3,25,18,12,6,37,24,5,2,15,15,4,2,0,53,309.0,5,78.39,0.0,48.57,,,75.0,72.0,50.0,64.86
Liverpool,Ryan Gravenberch,155,0,106,95,106,45,26,35,60,35,0,0,6,5,0,0,3,0,3,0,0,3,0,3,0,0,0,0,0,0,0,0,0,2,0,4,4,15,3,19,7,4,3,6,11,1,4,5,28,207.0,5,89.62,,83.33,0.0,0.0,0.0,100.0,20.0,36.84
Liverpool,Trey Nyoni,44,0,36,32,35,14,9,13,16,16,0,0,3,2,0,0,0,0,0,0,0,0,0,0,0,0,0,0,0,0,0,0,0,0,0,1,0,3,0,4,0,2,2,3,2,0,1,0,4,55.0,3,88.89,,66.67,,,,0.0,0.0,0.0
Liverpool,Virgil van Dijk,479,4,423,379,395,227,46,150,125,254,0,0,55,31,0,0,1,0,2,1,0,1,2,0,1,0,0,0,0,0,0,0,0,0,0,21,15,5,4,26,19,5,7,35,18,1,1,0,46,477.0,5,89.6,,56.36,50.0,0.0,,71.43,80.0,73.08
Liverpool,Víctor Muñoz,151,14,84,66,84,19,32,33,57,9,8,3,2,1,0,0,2,2,7,2,2,3,6,1,2,0,1,1,0,1,0,0,0,19,4,2,1,27,5,29,6,3,3,2,8,2,5,8,46,277.0,5,78.57,37.5,50.0,28.57,14.29,21.05,50.0,18.52,20.69
Man City,Abdukodir Khusanov,301,2,273,257,259,107,62,104,115,142,2,0,14,7,0,0,0,0,0,0,0,0,0,0,0,0,0,0,0,0,0,0,0,2,1,5,5,11,6,16,11,8,4,4,13,2,2,1,19,278.0,3,94.14,0.0,50.0,,,50.0,100.0,54.55,68.75
Man City,Antoine Semenyo,270,31,185,156,183,25,95,65,126,30,14,3,2,0,2,0,10,9,7,4,1,2,7,0,4,0,2,2,0,2,0,0,0,25,4,6,2,44,8,50,10,6,1,3,14,5,7,6,72,475.0,5,84.32,21.43,0.0,57.14,28.57,16.0,33.33,18.18,20.0
Man City,Ayyoub Bouaddi,45,0,39,35,39,9,13,17,18,17,0,0,3,1,1,0,0,0,0,0,0,0,0,0,0,0,0,0,0,0,0,0,0,1,1,0,0,1,1,1,1,0,1,0,3,0,0,0,4,34.0,2,89.74,,33.33,,,100.0,,100.0,100.0
Man City,Elliot Anderson,537,3,456,401,433,176,79,201,206,195,6,1,32,16,1,9,3,3,4,1,3,0,1,3,0,1,0,0,0,0,0,0,0,6,4,12,5,26,11,38,16,13,8,10,23,2,6,12,63,428.0,5,87.94,16.67,50.0,25.0,0.0,66.67,41.67,42.31,42.11
Man City,Enzo Fernández,220,10,180,148,169,66,46,68,106,42,5,0,11,7,0,5,3,3,5,2,0,3,2,3,0,2,1,0,1,1,0,0,0,4,2,7,4,14,3,21,7,3,3,3,9,3,6,8,42,251.0,3,82.22,0.0,63.64,40.0,20.0,50.0,57.14,21.43,33.33
Man City,Erling Haaland,129,31,64,44,64,22,14,28,33,11,0,0,1,1,1,0,1,1,20,9,8,3,19,1,9,0,5,5,0,5,0,0,0,9,4,17,9,16,4,33,13,0,1,9,10,2,4,5,36,475.0,5,68.75,,100.0,45.0,25.0,44.44,52.94,25.0,39.39
Man City,Gianluigi Donnarumma,184,0,155,108,123,130,0,25,0,108,0,0,77,31,0,0,0,0,1,1,0,0,0,1,0,1,0,0,0,0,1,1,0,0,0,3,2,0,0,3,2,0,0,2,5,0,0,1,47,475.0,5,69.68,,40.26,100.0,0.0,,66.67,,66.67
Man City,Iliman Ndiaye,140,8,84,71,81,12,33,39,57,14,9,2,3,2,0,1,3,2,3,0,1,2,1,2,0,0,0,0,0,0,0,0,0,19,7,4,1,32,9,36,10,3,2,3,11,0,2,9,37,210.0,3,84.52,22.22,66.67,0.0,0.0,36.84,25.0,28.12,27.78
Man City,Jack Grealish,9,0,7,6,7,1,5,1,3,3,0,0,0,0,0,0,0,0,0,0,0,0,0,0,0,0,0,0,0,0,0,0,0,0,0,0,0,2,0,2,0,1,0,0,0,0,1,0,2,14.0,1,85.71,,,,,,,0.0,0.0
Man City,Josko Gvardiol,335,6,272,230,233,97,75,100,130,100,3,2,23,12,1,0,3,2,3,1,0,2,2,1,1,0,1,1,0,1,0,0,0,8,5,24,11,24,10,48,21,11,7,11,21,2,3,5,51,454.0,5,84.56,66.67,52.17,33.33,33.33,62.5,45.83,41.67,43.75
Man City,Jérémy Doku,10,1,5,4,5,3,0,2,3,1,1,0,0,0,1,0,1,1,1,0,0,1,1,0,0,0,0,0,0,0,0,0,0,1,0,0,0,2,0,2,0,0,0,1,1,0,0,0,4,21.0,1,80.0,0.0,,0.0,0.0,0.0,,0.0,0.0
Man City,Kaden Braithwaite,10,0,10,10,10,2,4,4,5,5,0,0,0,0,0,0,0,0,0,0,0,0,0,0,0,0,0,0,0,0,0,0,0,0,0,0,0,0,0,0,0,0,0,0,1,0,0,0,0,7.0,1,100.0,,,,,,,,
Man City,Marc Guéhi,468,9,408,385,388,174,56,178,163,222,0,0,16,11,1,0,2,1,3,1,1,1,3,0,1,0,1,1,0,1,0,0,0,5,4,17,13,10,7,27,20,3,3,21,19,2,2,5,30,475.0,5,94.36,,68.75,33.33,33.33,80.0,76.47,70.0,74.07
Man City,Mateo Kovacic,61,0,56,54,56,15,15,26,34,20,0,0,1,0,0,0,0,0,0,0,0,0,0,0,0,0,0,0,0,0,0,0,0,2,0,1,1,2,0,3,1,0,0,0,2,1,0,0,5,54.0,2,96.43,,0.0,,,0.0,100.0,0.0,33.33
Man City,Matheus Nunes,168,2,137,116,118,70,33,34,55,61,3,0,17,9,0,0,0,0,0,0,0,0,0,0,0,0,0,0,0,0,0,0,0,3,3,3,3,8,5,11,8,3,2,14,10,1,1,1,23,229.0,3,84.67,0.0,52.94,,,100.0,100.0,62.5,72.73
Man City,Nico O'Reilly,120,6,95,84,93,23,36,36,51,33,4,3,2,1,1,0,1,1,3,1,2,0,2,1,1,0,0,0,0,0,0,0,0,4,3,5,2,16,5,21,7,3,1,1,9,2,3,0,20,175.0,4,88.42,75.0,50.0,33.33,0.0,75.0,40.0,31.25,33.33
Man City,Phil Foden,191,13,140,116,131,26,67,47,91,25,5,2,12,7,4,7,7,6,6,0,2,4,4,2,0,0,0,0,0,0,0,0,0,9,3,3,1,20,5,23,6,4,0,3,8,0,4,6,43,301.0,4,82.86,40.0,58.33,0.0,0.0,33.33,33.33,25.0,26.09
Man City,Rayan Cherki,314,22,269,239,253,64,123,82,175,64,8,3,21,13,4,9,12,8,9,4,2,3,7,2,3,1,3,2,1,3,0,0,0,9,5,3,0,16,5,19,5,0,1,2,9,2,5,4,45,308.0,5,88.85,37.5,61.9,44.44,33.33,55.56,0.0,31.25,26.32
Man City,Rico Lewis,45,4,31,27,26,5,13,13,20,7,2,0,1,1,0,0,0,0,1,1,0,0,1,0,1,0,0,0,0,0,0,0,0,1,0,1,1,6,0,7,1,0,2,0,0,0,1,2,10,56.0,1,87.1,0.0,100.0,100.0,0.0,0.0,100.0,0.0,14.29
Man City,Ryan McAidoo,16,1,8,4,8,2,4,2,2,2,1,0,1,0,0,0,0,0,1,0,1,0,0,1,0,0,0,0,0,0,0,0,0,3,2,0,0,5,2,5,2,2,0,0,2,0,0,1,5,23.0,2,50.0,0.0,0.0,0.0,0.0,66.67,,40.0,40.0
Man City,Rúben Dias,480,5,442,407,417,191,31,220,103,304,0,0,24,11,2,0,3,2,2,1,1,0,2,0,1,0,0,0,0,0,0,0,0,3,2,22,15,7,3,29,18,1,3,20,16,0,6,1,36,475.0,5,92.08,,45.83,50.0,0.0,66.67,68.18,42.86,62.07
Man City,Vitor Reis,15,0,15,15,13,4,6,5,6,9,0,0,1,1,0,0,0,0,0,0,0,0,0,0,0,0,0,0,0,0,0,0,0,0,0,0,0,0,0,0,0,0,0,0,0,0,0,0,0,7.0,1,100.0,,100.0,,,,,,
Man Utd,Andrey Santos,105,4,83,77,79,32,17,34,41,36,0,0,0,0,0,0,0,0,0,0,0,0,0,0,0,0,0,0,0,0,0,0,0,1,0,4,3,6,1,10,4,4,0,8,7,2,2,2,7,98.0,3,92.77,,,,,0.0,75.0,16.67,40.0
Man Utd,Ayden Heaven,76,3,67,61,62,29,3,35,21,40,0,0,5,1,0,0,0,0,2,0,1,1,2,0,0,0,0,0,0,0,0,0,0,0,0,6,2,2,0,8,2,1,0,1,4,0,1,2,8,96.0,1,91.04,,20.0,0.0,0.0,,33.33,0.0,25.0
Man Utd,Benjamin Sesko,30,7,21,16,21,5,9,7,10,6,1,0,0,0,0,0,1,1,4,1,1,2,3,1,1,0,1,1,0,1,0,0,0,2,1,7,1,3,1,10,2,0,0,0,5,0,1,0,9,105.0,4,76.19,0.0,,25.0,25.0,50.0,14.29,33.33,20.0
Man Utd,Bruno Fernandes,418,14,367,291,337,148,115,104,214,77,22,5,52,26,4,23,13,12,19,5,4,10,8,11,3,2,3,3,0,3,0,0,0,6,2,2,1,19,6,21,7,5,0,2,21,3,3,1,89,478.0,5,79.29,22.73,50.0,26.32,15.79,33.33,50.0,31.58,33.33
Man Utd,Bryan Mbeumo,251,28,182,147,170,41,81,60,120,27,16,4,15,8,0,12,9,8,19,6,6,7,14,5,3,3,2,0,2,2,0,0,0,16,3,17,4,31,7,48,11,5,4,2,14,2,4,5,61,478.0,5,80.77,25.0,53.33,31.58,10.53,18.75,23.53,22.58,22.92
Man Utd,Diogo Dalot,247,11,201,170,172,69,80,52,98,72,9,2,32,20,1,0,7,2,8,1,5,2,4,4,1,0,0,0,0,0,0,0,0,9,3,7,4,17,8,24,12,6,5,4,21,2,6,2,40,361.0,5,84.58,22.22,62.5,12.5,0.0,33.33,57.14,47.06,50.0
Man Utd,Harry Maguire,380,14,326,292,313,171,34,121,104,188,4,2,30,16,0,0,3,3,6,1,4,1,4,2,0,1,0,0,0,0,0,0,0,3,3,22,17,8,5,30,22,3,6,20,21,2,7,4,37,478.0,5,89.57,50.0,53.33,16.67,0.0,100.0,77.27,62.5,73.33
Man Utd,Joshua Zirkzee,15,0,12,9,12,7,3,2,6,3,1,1,2,1,0,0,1,0,0,0,0,0,0,0,0,0,0,0,0,0,0,0,0,0,0,2,0,0,0,2,0,0,0,2,2,0,0,0,3,30.0,2,75.0,100.0,50.0,,,,0.0,,0.0
Man Utd,Kobbie Mainoo,357,4,297,278,293,123,43,131,159,119,1,0,15,11,1,0,6,1,6,0,1,5,2,4,0,0,0,0,0,0,0,0,0,13,10,5,2,25,14,30,16,6,6,3,40,5,4,5,30,366.0,5,93.6,0.0,73.33,0.0,0.0,76.92,40.0,56.0,53.33
Man Utd,Leny Yoro,32,1,24,22,24,5,10,9,13,9,0,0,1,1,0,0,0,0,0,0,0,0,0,0,0,0,0,0,0,0,0,0,0,1,0,1,0,4,1,5,1,2,2,1,1,0,1,0,4,38.0,2,91.67,,100.0,,,0.0,0.0,25.0,20.0
Man Utd,Lisandro Martínez,327,5,289,262,271,161,43,85,80,182,0,0,26,15,0,0,1,0,7,3,2,2,2,5,0,3,0,0,0,0,1,1,0,1,1,14,8,7,4,21,12,3,2,15,14,1,2,0,29,382.0,4,90.66,,57.69,42.86,0.0,100.0,57.14,57.14,57.14
Man Utd,Luke Shaw,286,7,243,208,207,102,86,55,115,93,9,5,28,19,0,0,5,4,2,0,1,1,0,2,0,0,0,0,0,0,0,0,0,3,0,6,5,13,4,19,9,6,6,9,7,1,2,1,42,341.0,4,85.6,55.56,67.86,0.0,0.0,0.0,83.33,30.77,47.37
Man Utd,Marcus Rashford,233,34,165,120,160,54,66,45,99,21,18,2,11,3,0,0,12,6,13,4,5,4,8,5,3,1,0,0,0,0,0,0,0,18,8,7,3,26,9,33,12,4,1,3,10,3,2,8,66,357.0,5,72.73,11.11,27.27,30.77,0.0,44.44,42.86,34.62,36.36
Man Utd,Mason Mount,7,1,6,6,6,3,2,1,5,1,0,0,1,1,0,0,0,0,1,0,0,1,1,0,0,0,0,0,0,0,0,0,0,0,0,0,0,1,0,1,0,0,0,0,1,0,0,0,0,14.0,1,100.0,,100.0,0.0,0.0,,,0.0,0.0
Man Utd,Matheus Cunha,202,25,144,117,139,43,35,66,83,34,8,0,3,2,3,1,8,4,13,4,5,4,6,7,2,2,1,0,1,1,0,0,0,7,3,7,0,18,5,25,5,3,1,0,9,1,5,6,47,415.0,5,81.25,0.0,66.67,30.77,7.69,42.86,0.0,27.78,20.0
Man Utd,Noussair Mazraoui,121,3,105,93,95,34,36,35,62,31,5,0,5,2,0,0,2,1,1,0,1,0,1,0,0,0,0,0,0,0,0,0,0,2,0,5,2,4,1,9,3,2,0,3,3,1,1,0,16,111.0,3,88.57,0.0,40.0,0.0,0.0,0.0,40.0,25.0,33.33
Man Utd,Patrick Dorgu,129,14,88,71,77,20,28,40,56,15,5,1,7,5,0,0,3,1,6,1,5,0,6,0,1,0,0,0,0,0,0,0,0,1,0,9,8,12,4,21,12,8,2,6,4,1,7,1,27,196.0,5,80.68,20.0,71.43,16.67,0.0,0.0,88.89,33.33,57.14
Man Utd,Senne Lammens,137,0,115,92,105,93,0,22,0,92,0,0,33,10,0,0,0,0,0,0,0,0,0,0,0,0,0,0,0,0,0,0,0,0,0,3,3,0,0,3,3,0,0,3,16,0,0,0,23,478.0,5,80.0,,30.3,,,,100.0,,100.0
Man Utd,Shea Lacey,7,0,6,4,6,2,0,4,3,1,1,0,1,1,0,0,0,0,0,0,0,0,0,0,0,0,0,0,0,0,0,0,0,0,0,0,0,0,0,0,0,0,0,0,1,0,0,0,2,17.0,1,66.67,0.0,100.0,,,,,,
Man Utd,Youri Tielemans,410,8,351,315,344,173,60,118,188,127,4,1,16,8,2,0,6,2,7,2,1,4,2,5,0,2,0,0,0,0,0,0,0,6,2,9,4,20,7,29,11,7,7,3,25,3,1,8,46,419.0,5,89.74,25.0,50.0,28.57,0.0,33.33,44.44,35.0,37.93
Newcastle,Aladji Bamba,19,0,7,6,7,3,3,1,4,2,0,0,1,1,0,0,0,0,0,0,0,0,0,0,0,0,0,0,0,0,0,0,0,0,0,3,2,5,2,8,4,3,0,3,2,1,1,0,4,49.0,3,85.71,,100.0,,,,66.67,40.0,50.0
Newcastle,Amar Dedic,207,4,147,120,116,56,52,39,46,74,4,3,15,7,0,0,2,2,3,0,1,2,2,1,0,0,0,0,0,0,0,0,0,11,4,10,4,20,7,30,11,8,1,13,15,3,6,4,41,346.0,4,81.63,75.0,46.67,0.0,0.0,36.36,40.0,35.0,36.67
Newcastle,Anthony Elanga,88,11,55,33,51,19,11,25,28,5,3,0,5,1,0,3,4,3,4,3,1,0,3,1,2,1,2,2,0,2,0,0,0,8,2,5,2,14,3,19,5,4,0,2,3,1,3,4,33,232.0,3,60.0,0.0,20.0,75.0,50.0,25.0,40.0,21.43,26.32
Newcastle,Bazoumana Touré,36,3,19,13,18,3,6,10,10,3,3,1,2,2,0,0,0,0,1,1,0,0,1,0,1,0,1,1,0,1,0,0,0,6,2,3,2,10,2,13,4,0,0,1,3,1,1,1,17,63.0,3,68.42,33.33,100.0,100.0,100.0,33.33,66.67,20.0,30.77
Newcastle,Fabian Schär,20,0,13,11,11,5,2,6,4,7,1,0,2,1,0,0,1,1,0,0,0,0,0,0,0,0,0,0,0,0,0,0,0,0,0,2,0,0,0,2,0,0,0,3,0,0,1,0,2,36.0,2,84.62,0.0,50.0,,,,0.0,,0.0
Newcastle,Harvey Barnes,189,18,113,85,108,37,42,34,64,21,7,1,9,4,1,3,5,4,8,4,3,1,6,2,3,1,1,1,0,1,0,0,0,10,2,7,4,20,4,27,8,3,3,12,16,7,5,10,50,477.0,5,75.22,14.29,44.44,50.0,12.5,20.0,57.14,20.0,29.63
Newcastle,Jacob Murphy,89,4,51,33,43,19,18,14,24,9,6,1,10,1,3,2,1,1,2,0,2,0,0,2,0,0,0,0,0,0,0,0,0,7,2,3,1,15,4,18,5,4,0,4,10,3,2,5,31,209.0,5,64.71,16.67,10.0,0.0,0.0,28.57,33.33,26.67,27.78
Newcastle,Jacob Ramsey,52,2,40,35,40,13,10,17,15,20,0,0,1,1,1,0,0,0,2,1,1,0,2,0,1,0,1,1,0,1,0,0,0,2,0,2,2,4,1,6,3,2,1,1,6,2,3,0,7,91.0,3,87.5,,100.0,50.0,50.0,0.0,100.0,25.0,50.0
Newcastle,Joe Willock,174,9,113,104,109,24,38,51,73,31,3,0,3,2,1,0,2,1,10,3,5,2,5,5,1,2,2,1,1,2,0,0,0,8,4,3,0,21,7,24,7,5,1,3,9,4,5,6,27,299.0,5,92.04,0.0,66.67,30.0,20.0,50.0,0.0,33.33,29.17
Newcastle,Lewis Hall,400,4,291,241,222,117,98,76,129,112,8,2,59,30,1,13,5,4,5,2,3,0,3,2,1,1,1,1,0,1,0,0,0,16,7,15,5,41,16,56,21,13,5,23,38,5,4,6,73,472.0,5,82.82,25.0,50.85,40.0,20.0,43.75,33.33,39.02,37.5
Newcastle,Lewis Miley,309,2,261,230,249,80,72,109,103,127,1,0,19,9,0,1,4,0,2,1,1,0,0,2,0,1,0,0,0,0,1,1,0,5,3,10,5,17,7,27,12,6,5,14,26,1,2,2,39,406.0,5,88.12,0.0,47.37,50.0,0.0,60.0,50.0,41.18,44.44
Newcastle,Lukás Hornícek,219,0,182,117,148,154,0,28,0,117,0,0,85,23,0,0,0,0,0,0,0,0,0,0,0,0,0,0,0,0,0,0,0,2,1,0,0,2,1,2,1,0,0,5,3,0,0,0,66,479.0,5,64.29,,27.06,,,50.0,,50.0,50.0
Newcastle,Malick Thiaw,322,2,261,220,253,122,54,85,42,178,0,0,41,14,0,0,1,1,1,1,0,0,0,1,0,1,0,0,0,0,1,1,0,2,2,25,17,4,2,29,19,0,2,35,10,2,4,3,43,479.0,5,84.29,,34.15,100.0,0.0,100.0,68.0,50.0,65.52
Newcastle,Matias Fernandez-Pardo,49,6,31,20,31,4,14,13,15,5,2,0,0,0,0,0,1,1,1,0,0,1,1,0,0,0,0,0,0,0,0,0,0,2,1,3,1,7,3,10,4,2,0,0,3,3,2,2,17,164.0,3,64.52,0.0,,0.0,0.0,50.0,33.33,42.86,40.0
Newcastle,Nick Woltemade,11,4,5,4,5,2,3,0,2,2,0,0,0,0,0,0,0,0,1,0,0,1,1,0,0,0,0,0,0,0,0,0,0,2,1,3,2,3,1,6,3,0,0,0,0,0,0,2,3,24.0,1,80.0,,,0.0,0.0,50.0,66.67,33.33,50.0
Newcastle,Nico González,128,1,111,97,104,44,17,50,34,63,1,0,12,6,2,0,3,0,0,0,0,0,0,0,0,0,0,0,0,0,0,0,0,2,1,2,1,11,1,13,2,0,1,2,9,1,8,3,19,164.0,3,87.39,0.0,50.0,,,50.0,50.0,9.09,15.38
Newcastle,Sean Steur,181,0,160,140,157,63,35,62,64,76,0,0,11,5,1,0,3,1,0,0,0,0,0,0,0,0,0,0,0,0,0,0,0,1,1,1,0,9,5,10,5,4,1,7,8,1,1,0,23,240.0,5,87.5,,45.45,,,100.0,0.0,55.56,50.0
Newcastle,Sven Botman,365,3,285,247,251,160,33,92,29,218,0,0,40,11,0,0,0,0,2,1,0,1,1,1,1,0,0,0,0,0,0,0,0,0,0,27,17,8,2,35,19,5,5,42,14,1,2,4,42,479.0,5,86.67,,27.5,50.0,0.0,,62.96,25.0,54.29
Newcastle,Tino Livramento,29,2,24,17,20,8,9,7,9,8,3,0,3,1,1,0,0,0,0,0,0,0,0,0,0,0,0,0,0,0,0,0,0,1,0,0,0,3,2,3,2,2,0,1,4,0,1,0,8,44.0,2,70.83,0.0,33.33,,,0.0,,66.67,66.67
Newcastle,William Osula,20,2,5,4,5,1,2,2,4,0,0,0,0,0,1,0,1,1,2,0,0,2,0,2,0,0,0,0,0,0,0,0,0,0,0,3,0,3,1,6,1,1,0,0,2,1,0,0,6,55.0,1,80.0,,,0.0,0.0,,0.0,33.33,16.67
Newcastle,Yoane Wissa,165,15,88,61,85,34,23,31,35,26,1,1,1,1,1,0,1,0,9,3,6,0,6,3,3,0,1,1,0,1,0,0,0,10,4,25,10,25,4,50,14,6,0,5,15,4,10,12,51,461.0,5,69.32,100.0,100.0,33.33,11.11,40.0,40.0,16.0,28.0
Nottingham Forest,Arnaud Kalimuendo,0,0,0,0,0,0,0,0,0,0,0,0,0,0,0,0,0,0,0,0,0,0,0,0,0,0,0,0,0,0,0,0,0,0,0,0,0,0,0,0,0,0,0,0,0,0,0,0,0,1.0,1,,,,,,,,,
Nottingham Forest,Callum Hudson-Odoi,5,0,2,2,2,1,1,0,1,1,0,0,0,0,0,0,0,0,0,0,0,0,0,0,0,0,0,0,0,0,0,0,0,1,0,0,0,2,0,2,0,0,0,0,0,0,1,0,2,4.0,1,100.0,,,,,0.0,,0.0,0.0
Nottingham Forest,Chris Wood,19,1,14,9,14,4,4,6,5,4,0,0,1,1,0,0,0,0,1,0,1,0,0,1,0,0,0,0,0,0,0,0,0,2,1,11,4,2,1,13,5,0,0,0,1,0,0,1,6,84.0,4,64.29,,100.0,0.0,0.0,50.0,36.36,50.0,38.46
Nottingham Forest,Dan Ndoye,114,19,51,36,51,17,15,19,28,8,1,0,3,0,1,0,3,3,11,2,6,3,9,2,2,0,1,1,0,1,0,0,0,14,3,5,2,23,3,28,5,2,1,3,15,6,8,6,40,316.0,5,70.59,0.0,0.0,18.18,9.09,21.43,40.0,13.04,17.86
Nottingham Forest,Daniel Muñoz,129,10,103,87,88,36,29,38,48,39,7,3,10,4,0,0,3,3,3,1,1,1,3,0,1,0,0,0,0,0,0,0,0,2,0,11,6,10,4,21,10,6,0,7,7,1,2,1,19,215.0,3,84.47,42.86,40.0,33.33,0.0,0.0,54.55,40.0,47.62
Nottingham Forest,Ibrahim Sangaré,88,1,73,57,67,34,19,20,21,36,2,0,8,3,0,0,1,0,2,0,2,0,0,2,0,0,0,0,0,0,0,0,0,1,1,4,4,3,1,7,5,1,0,1,3,0,2,1,18,122.0,3,78.08,0.0,37.5,0.0,0.0,100.0,100.0,33.33,71.43
Nottingham Forest,Igor Jesus,142,15,87,70,86,29,32,26,49,21,1,0,3,3,1,0,2,0,9,3,1,5,9,0,3,0,1,1,0,1,0,0,0,7,2,32,17,18,3,50,20,2,0,5,8,1,7,6,37,281.0,5,80.46,0.0,100.0,33.33,11.11,28.57,53.12,16.67,40.0
Nottingham Forest,Jair Cunha,212,0,149,120,148,86,26,37,34,86,3,0,22,8,0,0,1,0,2,0,2,0,0,2,0,0,0,0,0,0,0,0,0,1,0,14,7,12,2,26,9,7,3,25,8,5,6,6,34,379.0,4,80.54,0.0,36.36,0.0,0.0,0.0,50.0,16.67,34.62
Nottingham Forest,James McAtee,293,3,221,170,204,88,61,72,95,75,7,3,31,17,4,10,12,9,9,3,2,4,1,8,0,3,0,0,0,0,0,0,0,6,2,8,6,25,11,33,17,9,1,9,21,4,7,9,64,422.0,5,76.92,42.86,54.84,33.33,0.0,33.33,75.0,44.0,51.52
Nottingham Forest,Liam Delap,111,18,47,32,45,19,11,17,26,6,1,0,3,2,1,0,6,4,12,1,8,3,6,6,0,1,1,0,1,1,0,0,0,13,7,12,6,23,9,35,15,2,0,5,10,3,5,4,37,289.0,4,68.09,0.0,66.67,8.33,8.33,53.85,50.0,39.13,42.86
Nottingham Forest,Luca Netz,27,1,23,19,19,6,12,5,14,5,1,1,7,3,0,1,1,0,0,0,0,0,0,0,0,0,0,0,0,0,0,0,0,0,0,1,0,2,1,3,1,1,0,0,1,1,1,0,5,44.0,3,82.61,100.0,42.86,,,,0.0,50.0,33.33
Nottingham Forest,Matz Sels,176,0,156,88,101,121,0,35,0,88,0,0,96,29,0,0,0,0,0,0,0,0,0,0,0,0,0,0,0,0,0,0,0,1,1,4,3,1,1,5,4,0,0,3,14,0,0,0,68,475.0,5,56.41,,30.21,,,100.0,75.0,100.0,80.0
Nottingham Forest,Morgan Gibbs-White,280,18,200,157,187,79,64,57,112,45,17,5,25,14,4,0,14,10,10,2,5,3,6,4,2,0,1,1,0,1,0,0,0,16,5,8,3,29,6,37,9,5,1,2,14,6,4,8,72,475.0,5,78.5,29.41,56.0,20.0,10.0,31.25,37.5,20.69,24.32
Nottingham Forest,Murillo,333,5,239,208,232,145,37,57,65,143,0,0,35,20,1,0,3,3,5,0,3,2,4,1,0,0,0,0,0,0,0,0,0,10,4,16,9,24,11,40,20,9,7,39,18,5,9,2,42,468.0,5,87.03,,57.14,0.0,0.0,40.0,56.25,45.83,50.0
Nottingham Forest,Neco Williams,298,12,224,169,171,91,81,52,92,77,17,5,49,30,0,6,8,8,6,1,3,2,4,2,0,1,0,0,0,0,0,0,0,5,1,14,6,27,12,41,18,14,0,13,28,5,6,9,70,475.0,5,75.45,29.41,61.22,16.67,0.0,20.0,42.86,44.44,43.9
Nottingham Forest,Nicolás Domínguez,3,0,2,1,2,2,0,0,0,1,0,0,0,0,0,0,0,0,0,0,0,0,0,0,0,0,0,0,0,0,0,0,0,0,0,0,0,1,0,1,0,0,0,0,0,0,0,0,2,4.0,1,50.0,,,,,,,0.0,0.0
Nottingham Forest,Nikola Milenkovic,144,6,101,82,94,51,13,37,10,72,0,0,16,6,0,0,0,0,2,0,2,0,2,0,0,0,0,0,0,0,0,0,0,0,0,14,10,10,2,24,12,5,3,20,12,0,5,2,21,283.0,3,81.19,,37.5,0.0,0.0,,71.43,20.0,50.0
Nottingham Forest,Ola Aina,209,3,155,102,121,82,23,50,43,59,8,2,40,15,0,0,4,3,2,1,0,1,0,2,0,1,0,0,0,0,0,0,0,8,4,9,4,24,8,33,12,10,3,10,14,2,5,4,65,312.0,4,65.81,25.0,37.5,50.0,0.0,50.0,44.44,33.33,36.36
Nottingham Forest,Ousmane Diomande,104,6,76,66,75,29,9,38,10,56,0,0,6,2,0,0,0,0,2,0,2,0,2,0,0,0,0,0,0,0,0,0,0,1,0,11,7,3,0,14,7,1,1,16,10,0,3,1,11,174.0,3,86.84,,33.33,0.0,0.0,0.0,63.64,0.0,50.0
Nottingham Forest,Xaver Schlager,231,3,169,143,165,82,26,61,82,61,1,0,19,12,1,0,1,0,6,1,1,4,2,4,1,0,0,0,0,0,0,0,0,4,4,6,4,32,15,38,19,17,5,5,21,4,4,2,36,402.0,5,84.62,0.0,63.16,16.67,0.0,100.0,66.67,46.88,50.0
Sunderland,Brian Brobbey,122,27,68,52,68,16,22,30,36,16,1,0,1,1,0,0,3,3,11,4,3,4,10,1,3,1,3,3,0,3,0,0,0,7,2,18,12,12,2,30,14,0,0,1,10,4,8,9,36,418.0,5,76.47,0.0,100.0,36.36,27.27,28.57,66.67,16.67,46.67
Sunderland,Chemsdine Talbi,16,0,14,9,14,4,6,4,7,2,3,0,1,1,0,0,0,0,0,0,0,0,0,0,0,0,0,0,0,0,0,0,0,0,0,0,0,2,0,2,0,0,0,0,2,0,1,0,7,36.0,1,64.29,0.0,100.0,,,,,0.0,0.0
Sunderland,Chris Rigg,5,0,5,3,4,1,3,1,3,0,0,0,0,0,0,0,0,0,0,0,0,0,0,0,0,0,0,0,0,0,0,0,0,0,0,0,0,1,0,1,0,0,0,0,1,0,0,0,2,27.0,2,60.0,,,,,,,0.0,0.0
Sunderland,Dan Ballard,288,10,207,172,202,93,37,77,37,135,0,0,23,11,0,0,2,1,5,0,3,2,5,0,0,0,0,0,0,0,0,0,0,2,1,47,26,16,5,63,31,10,4,32,12,2,10,8,40,477.0,5,83.09,,47.83,0.0,0.0,50.0,55.32,31.25,49.21
Sunderland,Dayann Méthalie,56,0,43,38,40,13,18,12,19,19,1,0,3,3,0,0,0,0,1,0,0,1,0,1,0,0,0,0,0,0,0,0,0,3,3,3,2,6,4,9,6,1,0,3,4,0,1,0,7,95.0,1,88.37,0.0,100.0,0.0,0.0,100.0,66.67,66.67,66.67
Sunderland,Enzo Le Fée,228,13,158,119,148,58,44,56,77,42,6,2,14,6,4,7,8,6,10,3,7,0,6,4,3,0,1,1,0,1,0,0,0,13,6,7,3,30,11,37,14,7,3,0,11,6,1,9,57,457.0,5,75.32,33.33,42.86,30.0,10.0,46.15,42.86,36.67,37.84
Sunderland,Granit Xhaka,379,1,321,263,278,150,80,91,122,141,7,2,63,41,4,12,13,11,1,0,1,0,0,1,0,0,0,0,0,0,0,0,0,7,4,9,5,24,10,33,15,9,6,3,33,3,5,10,70,477.0,5,81.93,28.57,65.08,0.0,0.0,57.14,55.56,41.67,45.45
Sunderland,Habib Diarra,12,0,9,9,9,3,3,3,7,2,0,0,1,1,0,0,1,1,1,0,0,1,0,1,0,0,0,0,0,0,0,0,0,1,0,1,1,1,0,2,1,0,0,0,0,1,1,0,1,33.0,2,100.0,,100.0,0.0,0.0,0.0,100.0,0.0,50.0
Sunderland,Kevin Danso,186,3,149,116,127,89,22,38,29,87,1,0,35,15,0,0,3,1,1,1,0,0,1,0,1,0,0,0,0,0,0,0,0,1,0,11,4,2,0,13,4,1,1,15,11,1,3,3,36,289.0,3,77.85,0.0,42.86,100.0,0.0,0.0,36.36,0.0,30.77
Sunderland,Luke O'Nien,70,1,60,49,56,34,8,18,16,33,2,0,12,5,0,0,0,0,1,0,0,1,0,1,0,0,0,0,0,0,0,0,0,1,1,0,0,4,1,4,1,1,0,3,4,0,2,0,12,66.0,1,81.67,0.0,41.67,0.0,0.0,100.0,,25.0,25.0
Sunderland,Malick Fofana,33,6,21,13,21,5,8,8,9,4,5,0,3,1,0,0,0,0,3,2,0,1,3,0,2,0,0,0,0,0,0,0,0,2,2,0,0,6,3,6,3,1,0,0,2,1,2,0,12,82.0,3,61.9,0.0,33.33,66.67,0.0,100.0,,50.0,50.0
Sunderland,Nilson Angulo,167,14,96,77,94,19,37,40,64,13,7,1,6,3,0,0,1,1,4,1,2,1,3,1,0,1,1,0,1,1,0,0,0,16,7,11,2,30,9,41,11,5,4,0,14,3,4,6,50,313.0,5,80.21,14.29,50.0,25.0,25.0,43.75,18.18,30.0,26.83
Sunderland,Noah Sadiki,250,13,191,170,189,64,70,57,98,72,2,2,12,9,0,0,2,1,7,2,2,3,4,3,2,0,0,0,0,0,0,0,0,6,4,5,3,17,9,22,12,6,3,7,12,4,3,7,33,426.0,5,89.01,100.0,75.0,28.57,0.0,66.67,60.0,52.94,54.55
Sunderland,Nordi Mukiele,240,9,158,114,137,82,34,42,48,66,10,5,28,15,1,0,2,2,5,1,1,3,4,1,1,0,0,0,0,0,0,0,0,3,2,20,9,21,11,41,20,13,6,28,16,2,4,2,53,383.0,4,72.15,50.0,53.57,20.0,0.0,66.67,45.0,52.38,48.78
Sunderland,Omar Alderete,38,0,37,34,36,20,4,13,7,27,0,0,5,3,0,0,0,0,0,0,0,0,0,0,0,0,0,0,0,0,0,0,0,0,0,1,1,0,0,1,1,0,0,0,2,0,0,0,3,28.0,1,91.89,,60.0,,,,100.0,,100.0
Sunderland,Reinildo Mandava,245,3,184,158,152,79,67,38,72,86,3,1,22,16,1,0,2,2,0,0,0,0,0,0,0,0,0,0,0,0,0,0,0,2,2,12,9,17,6,29,15,8,8,13,18,5,8,5,37,382.0,4,85.87,33.33,72.73,,,100.0,75.0,35.29,51.72
Sunderland,Robin Roefs,234,0,210,150,166,176,1,33,0,150,0,0,102,42,0,0,0,0,0,0,0,0,0,0,0,0,0,0,0,0,0,0,0,1,1,1,1,1,1,2,2,0,0,2,4,0,0,3,60,477.0,5,71.43,,41.18,,,100.0,100.0,100.0,100.0
Sunderland,Romaine Mundle,7,1,3,2,3,1,1,1,1,1,0,0,0,0,0,0,0,0,1,1,0,0,1,0,1,0,0,0,0,0,0,0,0,1,0,0,0,1,0,1,0,0,0,0,0,0,0,0,2,5.0,1,66.67,,,100.0,0.0,0.0,,0.0,0.0
Sunderland,Thomas Meunier,228,9,183,145,167,67,79,37,72,73,9,1,25,16,1,0,2,2,7,2,0,5,3,4,0,2,0,0,0,0,0,0,0,3,1,10,3,10,2,20,5,4,4,14,15,2,3,0,43,404.0,5,79.23,11.11,64.0,28.57,0.0,33.33,30.0,20.0,25.0
Sunderland,Trai Hume,98,9,68,47,65,25,17,26,22,25,6,2,4,1,1,1,4,3,3,0,3,0,2,1,0,0,0,0,0,0,0,0,0,2,0,10,8,15,6,25,14,10,1,1,12,3,4,2,26,223.0,4,69.12,33.33,25.0,0.0,0.0,0.0,80.0,40.0,56.0
Sunderland,Wilson Isidor,37,4,15,9,15,5,4,6,8,1,0,0,0,0,0,0,0,0,5,2,3,0,3,2,1,1,1,1,0,1,0,0,0,2,1,10,1,6,2,16,3,2,0,0,3,0,5,5,13,149.0,5,60.0,,,40.0,20.0,50.0,10.0,33.33,18.75
Tottenham,Andy Robertson,322,12,292,232,254,109,82,101,141,91,18,3,26,8,1,4,8,5,2,1,1,0,2,0,1,0,0,0,0,0,0,0,0,1,1,4,2,7,5,11,7,5,3,9,15,1,1,2,63,387.0,5,79.45,16.67,30.77,50.0,0.0,100.0,50.0,71.43,63.64
Tottenham,Antonín Kinsky,207,0,179,132,154,144,0,35,0,132,0,0,65,20,0,0,1,1,0,0,0,0,0,0,0,0,0,0,0,0,0,0,0,1,0,2,2,3,0,5,2,0,0,4,6,0,0,1,49,474.0,5,73.74,,30.77,,,0.0,100.0,0.0,40.0
Tottenham,Archie Gray,198,4,160,138,135,54,53,53,100,38,2,0,7,4,0,0,0,0,3,1,1,1,2,1,1,0,0,0,0,0,0,0,0,5,3,2,2,17,5,19,7,5,4,6,12,1,3,5,31,316.0,4,86.25,0.0,57.14,33.33,0.0,60.0,100.0,29.41,36.84
Tottenham,Conor Gallagher,91,2,64,55,62,17,22,25,32,23,2,0,3,2,1,0,0,0,2,1,1,0,1,1,1,0,1,1,0,1,0,0,0,4,0,5,1,13,4,18,5,8,1,0,9,2,2,6,15,143.0,3,85.94,0.0,66.67,50.0,50.0,0.0,20.0,30.77,27.78
Tottenham,Destiny Udogie,83,2,61,52,51,26,18,17,27,25,2,0,4,3,0,0,1,1,0,0,0,0,0,0,0,0,0,0,0,0,0,0,0,2,0,4,3,5,1,9,4,1,1,3,4,3,3,3,16,96.0,3,85.25,0.0,75.0,,,0.0,75.0,20.0,44.44
Tottenham,Dominic Solanke,61,11,30,28,30,5,8,17,19,9,0,0,0,0,0,0,0,0,5,0,2,3,5,0,0,0,0,0,0,0,0,0,0,1,0,9,2,9,1,18,3,2,0,2,5,0,2,2,16,186.0,5,93.33,,,0.0,0.0,0.0,22.22,11.11,16.67
Tottenham,James Maddison,82,5,57,48,51,17,15,25,38,10,1,1,4,3,0,3,0,0,2,1,1,0,1,1,0,1,0,0,0,0,0,0,0,4,0,2,1,10,2,12,3,4,1,1,4,0,0,3,19,77.0,3,84.21,100.0,75.0,50.0,0.0,0.0,50.0,20.0,25.0
Tottenham,Jan Paul van Hecke,465,6,400,373,380,212,37,151,152,221,4,1,31,21,1,0,5,2,5,2,3,0,5,0,2,0,1,1,0,1,0,0,0,0,0,25,11,13,5,38,16,10,3,25,17,1,7,5,30,474.0,5,93.25,25.0,67.74,40.0,20.0,,44.0,38.46,42.11
Tottenham,Lucas Bergvall,66,2,53,45,53,19,14,20,27,18,2,1,3,1,0,0,0,0,1,1,0,0,0,1,0,1,0,0,0,0,0,0,0,2,1,0,0,7,2,7,2,3,0,1,9,2,1,1,10,91.0,3,84.91,50.0,33.33,100.0,0.0,50.0,,28.57,28.57
Tottenham,Marcos Senesi,105,0,84,76,71,37,10,37,23,53,0,0,7,5,0,0,0,0,0,0,0,0,0,0,0,0,0,0,0,0,0,0,0,1,0,9,4,7,4,16,8,5,1,8,2,0,2,3,9,94.0,1,90.48,,71.43,,,0.0,44.44,57.14,50.0
Tottenham,Mateus Fernandes,217,9,182,167,170,48,59,75,128,39,5,1,16,12,0,5,5,4,6,1,4,1,3,3,0,1,0,0,0,0,0,0,0,3,1,2,1,12,6,14,7,7,2,0,12,4,9,1,23,262.0,5,91.76,20.0,75.0,16.67,0.0,33.33,50.0,50.0,50.0
Tottenham,Mathys Tel,167,24,100,78,92,22,41,37,67,11,8,2,4,3,0,7,3,1,6,1,2,3,2,4,1,0,0,0,0,0,0,0,0,22,10,4,1,34,11,38,12,1,0,1,11,1,4,1,55,265.0,4,78.0,25.0,75.0,16.67,0.0,45.45,25.0,32.35,31.58
Tottenham,Micky van de Ven,350,4,305,291,288,117,32,156,75,216,0,0,7,5,0,0,0,0,3,0,2,1,3,0,0,0,0,0,0,0,0,0,0,1,0,13,9,9,5,22,14,5,3,20,17,0,3,7,17,380.0,4,95.41,,71.43,0.0,0.0,0.0,69.23,55.56,63.64
Tottenham,Mikey Moore,35,5,19,15,19,2,9,8,13,2,2,1,2,1,0,0,0,0,4,3,1,0,3,1,3,0,0,0,0,0,0,0,0,6,2,2,0,7,2,9,2,1,0,0,2,1,0,1,10,94.0,2,78.95,50.0,50.0,75.0,0.0,33.33,0.0,28.57,22.22
Tottenham,Mohammed Kudus,114,10,78,58,75,20,28,30,46,12,12,2,7,4,0,3,3,3,3,0,2,1,2,1,0,0,0,0,0,0,0,0,0,17,10,1,0,24,12,25,12,3,0,0,11,0,2,6,33,146.0,4,74.36,16.67,57.14,0.0,0.0,58.82,0.0,50.0,48.0
Tottenham,Mykhailo Mudryk,5,1,3,1,3,2,0,1,1,0,1,0,0,0,0,0,0,0,0,0,0,0,0,0,0,0,0,0,0,0,0,0,0,1,0,0,0,1,0,1,0,0,0,0,0,0,1,1,3,22.0,1,33.33,0.0,,,,0.0,,0.0,0.0
Tottenham,Omar Marmoush,134,14,72,65,68,19,27,26,54,11,1,0,4,2,0,2,4,3,7,1,3,3,3,4,1,0,0,0,0,0,0,0,0,21,12,5,0,35,14,40,14,2,0,0,11,1,8,4,37,351.0,4,90.28,0.0,50.0,14.29,0.0,57.14,0.0,40.0,35.0
Tottenham,Pedro Porro,163,8,125,87,104,51,34,40,55,32,6,1,22,5,2,3,2,2,7,0,4,3,2,5,0,0,0,0,0,0,0,0,0,6,2,3,1,14,4,17,5,3,1,6,5,3,1,3,48,207.0,3,69.6,16.67,22.73,0.0,0.0,33.33,33.33,28.57,29.41
Tottenham,Richarlison,18,0,9,8,9,2,3,4,6,2,0,0,0,0,0,0,0,0,0,0,0,0,0,0,0,0,0,0,0,0,0,0,0,3,1,4,0,5,1,9,1,0,0,1,0,0,2,1,6,67.0,1,88.89,,,,,33.33,0.0,20.0,11.11
Tottenham,Rodrigo Bentancur,311,2,256,228,253,75,57,124,130,98,1,1,9,5,0,0,1,0,1,0,1,0,1,0,0,0,0,0,0,0,0,0,0,2,1,20,9,30,9,50,18,15,5,15,23,2,9,1,35,383.0,5,89.06,100.0,55.56,0.0,0.0,50.0,45.0,30.0,36.0
Tottenham,Sandro Tonali,366,4,299,265,287,106,68,125,169,96,3,1,14,8,4,0,3,1,8,1,3,4,2,6,0,1,0,0,0,0,0,0,0,6,2,2,2,26,5,28,7,11,4,5,20,4,2,5,50,439.0,5,88.63,33.33,57.14,12.5,0.0,33.33,100.0,19.23,25.0
Tottenham,Sávio,190,25,117,87,103,17,40,60,80,7,12,3,8,3,1,11,9,5,6,3,0,3,5,1,2,1,0,0,0,0,0,0,0,32,13,0,0,38,13,38,13,0,2,0,8,2,4,5,65,251.0,3,74.36,25.0,37.5,50.0,0.0,40.62,,34.21,34.21
Tottenham,Tosin Adarabioyo,11,0,6,6,6,4,1,1,2,4,0,0,0,0,0,0,0,0,0,0,0,0,0,0,0,0,0,0,0,0,0,0,0,0,0,1,0,2,1,3,1,2,0,2,1,0,0,0,0,9.0,1,100.0,,,,,,0.0,50.0,33.33
