team,split_value,matches_played,possession_pct,touches_against,touches_for,touches_opp_box_against,touches_opp_box_for,passes_attempted_against,passes_attempted_for,passes_completed_against,passes_completed_for,open_play_passes_against,open_play_passes_for,passes_forward_against,passes_forward_for,passes_backward_against,passes_backward_for,passes_sideways_against,passes_sideways_for,passes_opp_half_against,passes_opp_half_for,passes_own_half_against,passes_own_half_for,crosses_attempted_against,crosses_attempted_for,crosses_completed_against,crosses_completed_for,long_passes_attempted_against,long_passes_attempted_for,long_passes_completed_against,long_passes_completed_for,through_balls_against,through_balls_for,corners_against,corners_for,chances_created_against,chances_created_for,assists_against,assists_for,shots_against,shots_for,shots_on_target_against,shots_on_target_for,shots_off_target_against,shots_off_target_for,shots_blocked_against,shots_blocked_for,shots_in_box_against,shots_in_box_for,shots_outside_box_against,shots_outside_box_for,shots_on_target_in_box_against,shots_on_target_in_box_for,shots_on_target_outside_box_against,shots_on_target_outside_box_for,goals_against,goals_for,goals_in_box_against,goals_in_box_for,goals_outside_box_against,goals_outside_box_for,take_ons_against,take_ons_for,take_ons_won_against,take_ons_won_for,aerials_against,aerials_for,aerials_won_against,aerials_won_for,ground_duels_against,ground_duels_for,ground_duels_won_against,ground_duels_won_for,duels_contested_against,duels_contested_for,duels_won_against,duels_won_for,tackles_against,tackles_for,interceptions_against,interceptions_for,clearances_against,clearances_for,ball_recoveries_against,ball_recoveries_for,blocked_passes_against,blocked_passes_for,fouls_committed_against,fouls_committed_for,fouls_won_against,fouls_won_for,possession_lost_against,possession_lost_for,pass_accuracy_pct_for,cross_accuracy_pct_for,long_pass_accuracy_pct_for,shooting_accuracy_pct_for,conversion_pct_for,take_on_success_pct_for,aerial_success_pct_for,ground_duel_success_pct_for,duel_success_pct_for,pass_accuracy_pct_against,cross_accuracy_pct_against,long_pass_accuracy_pct_against,shooting_accuracy_pct_against,conversion_pct_against,take_on_success_pct_against,aerial_success_pct_against,ground_duel_success_pct_against,duel_success_pct_against,rank_possession_pct,rank_touches_against,rank_touches_for,rank_touches_opp_box_against,rank_touches_opp_box_for,rank_passes_attempted_against,rank_passes_attempted_for,rank_passes_completed_against,rank_passes_completed_for,rank_open_play_passes_against,rank_open_play_passes_for,rank_passes_forward_against,rank_passes_forward_for,rank_passes_backward_against,rank_passes_backward_for,rank_passes_sideways_against,rank_passes_sideways_for,rank_passes_opp_half_against,rank_passes_opp_half_for,rank_passes_own_half_against,rank_passes_own_half_for,rank_crosses_attempted_against,rank_crosses_attempted_for,rank_crosses_completed_against,rank_crosses_completed_for,rank_long_passes_attempted_against,rank_long_passes_attempted_for,rank_long_passes_completed_against,rank_long_passes_completed_for,rank_through_balls_against,rank_through_balls_for,rank_corners_against,rank_corners_for,rank_chances_created_against,rank_chances_created_for,rank_assists_against,rank_assists_for,rank_shots_against,rank_shots_for,rank_shots_on_target_against,rank_shots_on_target_for,rank_shots_off_target_against,rank_shots_off_target_for,rank_shots_blocked_against,rank_shots_blocked_for,rank_shots_in_box_against,rank_shots_in_box_for,rank_shots_outside_box_against,rank_shots_outside_box_for,rank_shots_on_target_in_box_against,rank_shots_on_target_in_box_for,rank_shots_on_target_outside_box_against,rank_shots_on_target_outside_box_for,rank_goals_against,rank_goals_for,rank_goals_in_box_against,rank_goals_in_box_for,rank_goals_outside_box_against,rank_goals_outside_box_for,rank_take_ons_against,rank_take_ons_for,rank_take_ons_won_against,rank_take_ons_won_for,rank_aerials_against,rank_aerials_for,rank_aerials_won_against,rank_aerials_won_for,rank_ground_duels_against,rank_ground_duels_for,rank_ground_duels_won_against,rank_ground_duels_won_for,rank_duels_contested_against,rank_duels_contested_for,rank_duels_won_against,rank_duels_won_for,rank_tackles_against,rank_tackles_for,rank_interceptions_against,rank_interceptions_for,rank_clearances_against,rank_clearances_for,rank_ball_recoveries_against,rank_ball_recoveries_for,rank_blocked_passes_against,rank_blocked_passes_for,rank_fouls_committed_against,rank_fouls_committed_for,rank_fouls_won_against,rank_fouls_won_for,rank_possession_lost_against,rank_possession_lost_for,rank_pass_accuracy_pct_for,rank_cross_accuracy_pct_for,rank_long_pass_accuracy_pct_for,rank_shooting_accuracy_pct_for,rank_conversion_pct_for,rank_take_on_success_pct_for,rank_aerial_success_pct_for,rank_ground_duel_success_pct_for,rank_duel_success_pct_for,rank_pass_accuracy_pct_against,rank_cross_accuracy_pct_against,rank_long_pass_accuracy_pct_against,rank_shooting_accuracy_pct_against,rank_conversion_pct_against,rank_take_on_success_pct_against,rank_aerial_success_pct_against,rank_ground_duel_success_pct_against,rank_duel_success_pct_against,clean_sheets,wins,draws,losses,points,rank_clean_sheets,rank_wins,rank_draws,rank_losses,rank_points
Arsenal,Season,5,57.67,2496,3400,101,156,1845,2699,1405,2300,1659,2473,839,1095,417,605,589,999,708,1200,697,1100,46,52,8,8,335,256,146,126,5,10,16,25,31,54,13,38,53,65,13,23,27,19,13,23,26,46,27,19,8,19,5,4,4,8,1,6,3,2,55,71,17,26,146,146,72,74,176,179,54,58,322,325,126,132,67,58,35,37,124,108,190,167,39,33,77,51,51,77,571,550,85.22,15.38,49.22,35.38,12.31,36.62,50.68,32.4,40.62,76.15,17.39,43.58,24.53,7.55,30.91,49.32,30.68,39.13,4.0,19.0,7.0,17.0,4.0,19.0,7.0,19.0,7.0,19.0,7.0,19.0,7.0,19.0,7.0,17.0,5.0,15.0,6.0,19.0,7.0,19.0,14.0,19.0,18.0,5.0,19.0,7.0,14.0,17.0,8.0,20.0,7.0,20.0,6.0,20.0,6.0,19.0,13.0,20.0,8.0,10.0,18.0,16.0,9.0,20.0,9.0,8.0,15.0,20.0,4.0,10.0,15.0,14.0,6.0,20.0,7.0,1.0,3.0,20.0,15.0,20.0,17.0,11.0,11.0,12.0,12.0,19.0,19.0,20.0,19.0,20.0,20.0,19.0,18.0,16.0,19.0,16.0,15.0,14.0,18.0,14.0,19.0,6.0,13.0,1.0,14.0,14.0,1.0,17.0,20.0,4.0,19.0,6.0,6.0,6.0,17.0,10.0,13.0,11.0,18.0,20.0,13.0,19.0,13.0,19.0,11.0,15.0,14.0,3,4,0,1,12,1.0,2.0,17.0,12.0,2.0
Aston Villa,Season,5,47.04,3297,2929,131,81,2541,2188,2145,1789,2347,1968,1072,929,548,533,921,726,1118,868,1027,921,78,36,19,5,259,259,134,111,8,9,24,15,56,34,36,19,81,49,26,13,44,25,11,11,50,30,31,19,19,10,7,3,8,4,7,3,1,1,87,103,37,40,107,107,64,43,281,280,93,80,388,387,157,123,108,81,53,37,96,113,200,161,35,42,53,57,57,53,553,586,81.76,13.89,42.86,26.53,8.16,38.83,40.19,28.57,31.78,84.42,24.36,51.74,32.1,9.88,42.53,59.81,33.1,40.46,13.0,7.0,16.0,7.0,20.0,7.0,15.0,6.0,12.0,7.0,15.0,11.0,18.0,9.0,11.0,5.0,12.0,5.0,9.0,10.0,14.0,4.0,20.0,2.0,20.0,20.0,18.0,14.0,18.0,10.0,11.0,7.0,19.0,5.0,18.0,6.0,20.0,6.0,20.0,3.0,20.0,1.0,8.0,20.0,17.0,7.0,20.0,5.0,15.0,4.0,18.0,6.0,17.0,6.0,16.0,5.0,17.0,6.0,7.0,10.0,4.0,10.0,3.0,20.0,20.0,18.0,20.0,2.0,2.0,5.0,11.0,11.0,11.0,12.0,20.0,1.0,8.0,5.0,15.0,19.0,16.0,9.0,20.0,10.0,4.0,11.0,11.0,11.0,11.0,18.0,18.0,8.0,20.0,12.0,17.0,13.0,11.0,20.0,20.0,20.0,4.0,4.0,2.0,5.0,9.0,7.0,1.0,11.0,10.0,1,1,1,3,4,10.0,13.0,9.0,3.0,14.0
Bournemouth,Season,5,47.84,3285,3013,122,108,2474,2233,1966,1724,2244,1998,1080,1088,533,557,861,588,898,804,1068,920,58,61,13,13,334,376,137,164,19,4,23,21,37,50,26,31,55,68,20,26,22,24,13,18,36,42,19,26,16,18,4,8,8,5,7,5,1,0,99,63,39,23,184,184,95,89,235,224,80,67,419,408,175,156,73,80,43,57,125,138,222,218,42,34,70,60,60,70,716,678,77.21,21.31,43.62,38.24,7.35,36.51,48.37,29.91,38.24,79.47,22.41,41.02,36.36,14.55,39.39,51.63,34.04,41.77,12.0,8.0,12.0,11.0,13.0,9.0,13.0,10.0,15.0,10.0,13.0,9.0,8.0,13.0,9.0,6.0,18.0,11.0,11.0,7.0,15.0,12.0,12.0,11.0,12.0,6.0,1.0,11.0,5.0,1.0,16.0,10.0,12.0,18.0,9.0,18.0,12.0,17.0,11.0,11.0,3.0,16.0,11.0,16.0,14.0,17.0,12.0,16.0,7.0,8.0,5.0,15.0,3.0,6.0,14.0,5.0,9.0,6.0,15.0,4.0,18.0,6.0,20.0,4.0,4.0,3.0,6.0,12.0,14.0,12.0,18.0,5.0,5.0,3.0,13.0,11.0,10.0,10.0,2.0,13.0,8.0,1.0,4.0,4.0,11.0,3.0,8.0,8.0,3.0,2.0,4.0,16.0,10.0,9.0,2.0,15.0,18.0,14.0,19.0,15.0,14.0,7.0,16.0,3.0,3.0,13.0,7.0,8.0,4.0,0,0,2,3,2,18.0,18.0,5.0,3.0,18.0
Brentford,Season,5,46.43,3402,2948,122,150,2535,2093,2006,1572,2312,1877,1108,1008,584,386,843,699,993,697,1013,875,74,73,13,22,358,336,156,146,5,9,25,22,40,50,24,39,67,81,21,23,24,31,22,27,38,59,29,22,11,20,10,3,4,10,4,9,0,1,104,98,41,35,209,209,102,107,269,267,97,83,478,476,199,190,93,82,54,51,162,155,213,220,33,41,45,72,72,45,712,728,75.11,30.14,43.45,28.4,12.35,35.71,51.2,31.09,39.92,79.13,17.57,43.58,31.34,5.97,39.42,48.8,36.06,41.63,14.0,6.0,14.0,11.0,6.0,8.0,16.0,9.0,17.0,8.0,16.0,7.0,11.0,8.0,19.0,8.0,14.0,8.0,17.0,13.0,17.0,6.0,6.0,11.0,2.0,2.0,7.0,4.0,8.0,17.0,11.0,6.0,9.0,15.0,9.0,19.0,4.0,12.0,4.0,9.0,8.0,13.0,4.0,8.0,5.0,14.0,3.0,6.0,11.0,15.0,3.0,1.0,17.0,14.0,3.0,12.0,3.0,17.0,7.0,3.0,7.0,3.0,11.0,1.0,1.0,1.0,1.0,5.0,4.0,2.0,9.0,1.0,1.0,1.0,2.0,4.0,7.0,3.0,3.0,4.0,5.0,5.0,3.0,14.0,5.0,18.0,2.0,2.0,18.0,3.0,1.0,17.0,1.0,10.0,14.0,5.0,19.0,8.0,16.0,14.0,15.0,19.0,13.0,7.0,17.0,12.0,13.0,6.0,6.0,2,2,3,0,9,7.0,5.0,1.0,16.0,5.0
Brighton,Season,5,60.56,2392,3673,118,150,1642,2954,1204,2500,1406,2751,771,1185,364,659,507,1110,523,1250,681,1250,29,87,6,14,321,323,128,168,2,10,23,27,39,56,32,35,60,95,19,29,25,47,16,19,49,63,11,32,15,24,4,5,5,14,4,10,1,4,76,69,31,29,181,181,94,87,209,205,69,70,390,386,163,157,67,67,36,34,151,117,119,191,35,37,53,65,65,53,597,598,84.63,16.09,52.01,30.53,14.74,42.03,48.07,34.15,40.67,73.33,20.69,39.88,31.67,8.33,40.79,51.93,33.01,41.79,2.0,20.0,4.0,13.0,6.0,20.0,3.0,20.0,4.0,20.0,3.0,20.0,5.0,20.0,4.0,20.0,3.0,20.0,4.0,20.0,3.0,20.0,2.0,20.0,8.0,10.0,10.0,17.0,4.0,20.0,8.0,10.0,6.0,17.0,4.0,10.0,8.0,13.0,2.0,13.0,1.0,12.0,1.0,14.0,13.0,9.0,1.0,20.0,3.0,11.0,1.0,15.0,10.0,12.0,1.0,12.0,2.0,6.0,1.0,16.0,16.0,17.0,16.0,5.0,5.0,4.0,7.0,18.0,18.0,15.0,17.0,10.0,12.0,5.0,11.0,16.0,16.0,14.0,17.0,5.0,15.0,20.0,12.0,10.0,8.0,11.0,4.0,4.0,11.0,14.0,16.0,5.0,17.0,4.0,11.0,3.0,5.0,15.0,7.0,10.0,20.0,10.0,18.0,6.0,12.0,9.0,6.0,12.0,3.0,3,3,1,1,10,1.0,3.0,9.0,12.0,3.0
Chelsea,Season,5,48.4,3284,3080,134,160,2562,2292,2095,1832,2355,2078,1111,975,598,480,853,837,1011,996,1084,836,63,66,18,13,344,309,169,122,9,3,26,33,48,51,40,33,72,73,32,26,20,23,20,24,51,47,21,26,25,18,7,8,11,10,9,8,2,2,69,83,27,39,143,143,68,75,223,227,69,86,366,370,137,161,70,78,37,49,120,132,176,180,37,34,59,43,43,59,635,632,79.93,19.7,39.48,35.62,13.7,46.99,52.45,37.89,43.51,81.77,28.57,49.13,44.44,15.28,39.13,47.55,30.94,37.43,10.0,9.0,8.0,6.0,2.0,6.0,8.0,7.0,9.0,6.0,8.0,6.0,14.0,6.0,14.0,7.0,8.0,7.0,8.0,6.0,18.0,10.0,7.0,4.0,12.0,4.0,13.0,2.0,15.0,8.0,17.0,3.0,3.0,10.0,8.0,2.0,11.0,9.0,7.0,1.0,3.0,19.0,14.0,11.0,7.0,5.0,8.0,14.0,7.0,1.0,5.0,6.0,3.0,1.0,3.0,2.0,4.0,3.0,3.0,19.0,12.0,18.0,4.0,12.0,12.0,14.0,9.0,15.0,13.0,15.0,5.0,17.0,15.0,18.0,7.0,14.0,11.0,13.0,5.0,15.0,9.0,18.0,16.0,8.0,11.0,10.0,19.0,19.0,10.0,9.0,8.0,12.0,12.0,17.0,5.0,4.0,3.0,5.0,2.0,1.0,8.0,1.0,4.0,1.0,2.0,14.0,16.0,14.0,18.0,0,2,1,2,7,18.0,5.0,9.0,9.0,10.0
Coventry,Season,5,40.83,3709,2559,143,84,3003,1880,2561,1408,2799,1695,1197,889,644,461,1162,530,1360,646,1201,762,76,55,14,14,261,365,115,149,15,2,23,20,61,35,36,23,87,51,19,16,34,23,34,12,52,33,35,18,11,14,8,2,10,1,7,1,3,0,71,67,34,25,193,193,88,105,176,167,66,51,369,360,154,156,56,45,23,49,149,158,194,180,33,28,52,60,60,52,572,608,74.89,25.45,40.82,31.37,1.96,37.31,54.4,30.54,43.33,85.28,18.42,44.06,21.84,11.49,47.89,45.6,37.5,41.73,19.0,3.0,19.0,3.0,18.0,2.0,19.0,2.0,19.0,2.0,19.0,4.0,19.0,5.0,16.0,2.0,19.0,2.0,18.0,5.0,19.0,5.0,13.0,9.0,8.0,19.0,3.0,18.0,7.0,2.0,19.0,10.0,13.0,2.0,17.0,6.0,16.0,2.0,19.0,13.0,18.0,2.0,14.0,2.0,16.0,4.0,17.0,2.0,18.0,15.0,11.0,3.0,20.0,3.0,20.0,5.0,20.0,1.0,15.0,18.0,17.0,15.0,18.0,3.0,3.0,5.0,2.0,19.0,20.0,18.0,20.0,14.0,17.0,15.0,13.0,19.0,20.0,20.0,5.0,6.0,4.0,12.0,16.0,14.0,17.0,13.0,8.0,8.0,13.0,16.0,13.0,18.0,4.0,15.0,9.0,20.0,16.0,4.0,18.0,2.0,1.0,17.0,10.0,20.0,7.0,3.0,17.0,4.0,5.0,1,1,0,4,3,10.0,13.0,17.0,1.0,17.0
Crystal Palace,Season,5,44.74,3780,3060,181,85,2970,2234,2507,1784,2744,2036,1223,1012,709,446,1038,776,1228,701,1279,1083,56,51,12,8,312,267,157,110,7,14,24,12,59,37,45,21,85,53,28,18,31,25,26,10,63,34,22,19,23,12,5,6,11,5,10,5,1,0,125,60,45,25,132,132,73,59,270,259,86,99,402,391,159,158,72,112,55,48,95,153,213,196,47,46,48,48,48,48,674,618,79.86,15.69,41.2,33.96,9.43,41.67,44.7,38.22,40.41,84.41,21.43,50.32,32.94,12.94,36.0,55.3,31.85,39.55,18.0,2.0,10.0,1.0,17.0,3.0,12.0,3.0,13.0,3.0,10.0,2.0,10.0,3.0,18.0,4.0,9.0,3.0,16.0,2.0,9.0,15.0,16.0,14.0,18.0,12.0,16.0,3.0,19.0,11.0,2.0,7.0,20.0,3.0,16.0,1.0,17.0,4.0,17.0,2.0,15.0,4.0,8.0,6.0,19.0,1.0,16.0,12.0,15.0,2.0,16.0,10.0,8.0,1.0,14.0,1.0,9.0,6.0,15.0,1.0,19.0,1.0,18.0,15.0,15.0,11.0,17.0,4.0,6.0,8.0,2.0,7.0,10.0,11.0,9.0,12.0,1.0,2.0,8.0,20.0,6.0,5.0,7.0,1.0,1.0,15.0,18.0,18.0,15.0,6.0,11.0,13.0,18.0,14.0,7.0,10.0,7.0,17.0,1.0,12.0,5.0,8.0,3.0,4.0,5.0,17.0,4.0,13.0,13.0,1,1,1,3,4,10.0,13.0,9.0,3.0,14.0
Everton,Season,5,45.45,3645,3037,125,131,2877,2250,2445,1806,2678,2029,1174,974,648,502,1055,774,1198,832,1247,974,57,62,16,10,274,314,114,110,11,5,22,25,50,57,30,37,69,80,18,22,23,29,28,29,44,54,25,26,11,17,7,5,3,6,2,5,1,1,83,81,33,31,154,154,81,73,241,243,81,90,395,397,162,163,75,90,48,49,137,119,215,231,37,45,63,40,40,63,614,614,80.27,16.13,35.03,27.5,7.5,38.27,47.4,37.04,41.06,84.98,28.07,41.61,26.09,4.35,39.76,52.6,33.61,41.01,17.0,4.0,11.0,10.0,9.0,4.0,11.0,4.0,11.0,4.0,12.0,5.0,15.0,4.0,13.0,3.0,10.0,4.0,10.0,4.0,12.0,14.0,11.0,5.0,15.0,18.0,12.0,19.0,19.0,5.0,15.0,15.0,7.0,9.0,3.0,11.0,7.0,10.0,5.0,15.0,10.0,15.0,6.0,5.0,3.0,11.0,5.0,10.0,7.0,15.0,7.0,6.0,10.0,19.0,10.0,19.0,9.0,6.0,7.0,12.0,13.0,16.0,14.0,9.0,9.0,8.0,13.0,11.0,10.0,11.0,3.0,9.0,7.0,6.0,5.0,9.0,4.0,6.0,5.0,7.0,14.0,4.0,1.0,8.0,2.0,8.0,20.0,20.0,8.0,11.0,12.0,10.0,16.0,20.0,16.0,14.0,13.0,16.0,3.0,9.0,3.0,2.0,15.0,18.0,19.0,11.0,5.0,10.0,8.0,3,2,3,0,9,1.0,5.0,1.0,16.0,5.0
Fulham,Season,5,53.0,3243,3657,137,159,2458,2928,2018,2452,2261,2700,1076,1207,592,741,790,980,989,1078,1029,1374,70,48,19,9,330,325,178,139,11,11,26,28,63,56,40,45,84,72,25,21,30,24,29,27,55,55,29,17,17,17,8,4,8,4,7,4,1,0,81,99,38,39,123,123,72,51,230,234,90,79,353,357,162,130,74,69,46,41,127,124,197,196,45,29,40,50,50,40,610,641,83.74,18.75,42.77,29.17,5.56,39.39,41.46,33.76,36.41,82.1,27.14,53.94,29.76,9.52,46.91,58.54,39.13,45.89,7.0,11.0,5.0,5.0,3.0,10.0,5.0,8.0,5.0,9.0,5.0,10.0,4.0,7.0,3.0,11.0,6.0,9.0,7.0,8.0,2.0,8.0,18.0,2.0,16.0,7.0,9.0,1.0,10.0,5.0,6.0,3.0,5.0,1.0,4.0,2.0,1.0,5.0,8.0,6.0,11.0,6.0,11.0,3.0,5.0,3.0,4.0,6.0,19.0,6.0,7.0,3.0,15.0,6.0,16.0,5.0,14.0,6.0,15.0,13.0,6.0,7.0,4.0,18.0,18.0,12.0,18.0,13.0,12.0,6.0,12.0,18.0,18.0,6.0,19.0,10.0,14.0,8.0,12.0,12.0,12.0,11.0,7.0,2.0,16.0,19.0,15.0,15.0,19.0,13.0,6.0,6.0,13.0,13.0,12.0,17.0,9.0,19.0,9.0,19.0,7.0,3.0,1.0,11.0,11.0,5.0,2.0,1.0,1.0,1,0,1,4,1,10.0,18.0,9.0,1.0,20.0
Hull,Season,5,36.52,4051,2331,138,83,3327,1615,2829,1127,3108,1418,1381,864,770,338,1176,413,1544,472,1285,655,99,75,20,14,297,355,136,141,10,3,30,17,55,42,36,25,69,61,21,19,27,26,21,16,47,32,22,29,17,10,4,9,4,6,4,4,0,2,98,60,36,31,158,158,77,81,211,206,63,76,369,364,140,157,44,85,29,43,132,152,199,168,25,36,36,50,50,36,683,622,69.78,18.67,39.72,31.15,9.84,51.67,51.27,36.89,43.13,85.03,20.2,45.79,30.43,5.8,36.73,48.73,29.86,37.94,20.0,1.0,20.0,4.0,19.0,1.0,20.0,1.0,20.0,1.0,20.0,1.0,20.0,1.0,20.0,1.0,20.0,1.0,20.0,1.0,20.0,1.0,5.0,1.0,8.0,17.0,5.0,13.0,9.0,7.0,17.0,1.0,17.0,6.0,15.0,6.0,15.0,10.0,14.0,9.0,13.0,10.0,7.0,10.0,15.0,10.0,18.0,12.0,5.0,6.0,18.0,15.0,2.0,14.0,10.0,12.0,14.0,17.0,3.0,5.0,19.0,12.0,14.0,8.0,8.0,9.0,8.0,17.0,17.0,19.0,15.0,14.0,16.0,17.0,11.0,20.0,6.0,19.0,9.0,10.0,7.0,10.0,18.0,18.0,10.0,20.0,15.0,15.0,20.0,5.0,10.0,20.0,14.0,16.0,10.0,9.0,1.0,7.0,5.0,4.0,2.0,11.0,7.0,9.0,18.0,15.0,14.0,19.0,16.0,3,2,2,1,8,1.0,5.0,5.0,12.0,9.0
Ipswich,Season,5,45.99,3539,3013,127,98,2759,2257,2320,1807,2548,2044,1208,1024,720,509,831,724,1053,751,1267,1056,71,52,15,15,327,305,153,131,15,6,26,18,58,44,37,27,86,59,26,24,31,24,29,11,51,35,35,24,16,16,10,8,10,7,8,7,2,0,84,91,41,35,132,132,68,64,243,246,94,79,375,378,162,143,85,70,44,51,115,131,220,194,44,32,46,58,58,46,614,623,80.06,28.85,42.95,40.68,11.86,38.46,48.48,32.11,37.83,84.09,21.13,46.79,30.23,11.63,48.81,51.52,38.68,43.2,16.0,5.0,12.0,9.0,14.0,5.0,10.0,5.0,10.0,5.0,9.0,3.0,9.0,2.0,12.0,9.0,13.0,6.0,13.0,3.0,10.0,7.0,14.0,6.0,7.0,8.0,14.0,5.0,12.0,2.0,14.0,3.0,16.0,4.0,13.0,5.0,14.0,3.0,16.0,3.0,6.0,4.0,11.0,3.0,17.0,5.0,15.0,2.0,10.0,8.0,9.0,1.0,3.0,3.0,7.0,3.0,6.0,3.0,15.0,11.0,10.0,3.0,11.0,15.0,15.0,14.0,16.0,10.0,9.0,3.0,12.0,13.0,14.0,6.0,17.0,6.0,13.0,9.0,3.0,16.0,10.0,2.0,10.0,3.0,14.0,17.0,10.0,10.0,17.0,11.0,9.0,11.0,2.0,11.0,1.0,7.0,12.0,13.0,14.0,17.0,6.0,9.0,6.0,10.0,6.0,1.0,8.0,3.0,2.0,0,2,0,3,6,18.0,5.0,17.0,3.0,12.0
Leeds,Season,5,46.39,3281,2839,128,98,2450,2009,1911,1477,2220,1786,1091,963,548,449,811,597,896,541,1015,936,81,51,15,12,349,352,140,132,9,2,24,22,44,28,27,21,74,60,22,17,29,19,23,24,42,40,32,20,14,14,8,3,3,6,3,5,0,1,93,101,40,38,203,203,98,105,252,255,88,86,455,458,186,191,71,90,30,60,176,166,207,183,34,32,66,53,53,66,720,694,73.52,23.53,37.5,28.33,10.0,37.62,51.72,33.73,41.7,78.0,18.52,40.11,29.73,4.05,43.01,48.28,34.92,40.88,15.0,10.0,18.0,8.0,14.0,11.0,18.0,11.0,18.0,11.0,18.0,8.0,17.0,9.0,17.0,10.0,17.0,12.0,19.0,12.0,13.0,3.0,16.0,6.0,14.0,3.0,6.0,10.0,11.0,8.0,19.0,7.0,9.0,12.0,20.0,15.0,17.0,8.0,15.0,8.0,16.0,7.0,18.0,7.0,7.0,12.0,14.0,4.0,14.0,13.0,11.0,3.0,17.0,19.0,10.0,17.0,9.0,17.0,7.0,7.0,5.0,5.0,6.0,2.0,2.0,2.0,2.0,7.0,8.0,7.0,5.0,3.0,2.0,2.0,1.0,13.0,4.0,18.0,1.0,1.0,2.0,7.0,15.0,13.0,14.0,6.0,12.0,12.0,6.0,1.0,3.0,19.0,7.0,19.0,15.0,8.0,15.0,6.0,10.0,5.0,16.0,16.0,17.0,12.0,20.0,6.0,15.0,7.0,9.0,2,2,3,0,9,7.0,5.0,1.0,16.0,5.0
Liverpool,Season,5,56.29,2830,3644,106,115,2010,2797,1496,2331,1747,2589,998,1264,427,612,585,921,625,1244,871,1087,47,79,11,14,364,336,137,186,7,9,22,20,45,54,28,35,58,76,17,24,21,19,20,33,35,45,23,31,10,16,7,8,4,7,3,6,1,1,77,110,20,37,124,124,52,72,245,256,72,86,369,380,124,158,92,81,36,43,163,127,191,194,33,40,51,65,65,51,694,697,83.34,17.72,55.36,31.58,9.21,33.64,58.06,33.59,41.58,74.43,23.4,37.64,29.31,6.9,25.97,41.94,29.39,33.6,6.0,16.0,6.0,16.0,12.0,16.0,6.0,17.0,6.0,16.0,6.0,15.0,2.0,17.0,6.0,18.0,7.0,18.0,5.0,17.0,8.0,17.0,4.0,16.0,8.0,1.0,7.0,11.0,2.0,11.0,11.0,15.0,13.0,11.0,6.0,13.0,8.0,16.0,6.0,17.0,6.0,17.0,18.0,11.0,2.0,18.0,10.0,11.0,4.0,18.0,9.0,6.0,3.0,14.0,7.0,17.0,7.0,6.0,7.0,15.0,3.0,19.0,7.0,17.0,17.0,20.0,14.0,8.0,7.0,14.0,5.0,14.0,13.0,20.0,9.0,5.0,8.0,14.0,9.0,3.0,11.0,13.0,10.0,14.0,7.0,14.0,4.0,4.0,14.0,4.0,2.0,7.0,15.0,1.0,8.0,11.0,20.0,1.0,11.0,7.0,19.0,6.0,19.0,13.0,15.0,20.0,20.0,20.0,20.0,3,2,3,0,9,1.0,5.0,1.0,16.0,5.0
Man City,Season,5,60.93,2608,4068,95,154,1893,3331,1476,2917,1714,3109,889,1224,439,810,565,1297,640,1502,836,1415,61,63,12,16,305,262,133,131,6,19,21,31,41,49,27,39,59,69,18,26,28,22,13,21,38,52,21,17,15,21,3,5,4,13,4,11,0,2,72,114,35,50,133,133,58,75,253,262,98,84,386,395,156,159,102,61,64,39,111,107,182,186,21,24,67,53,53,67,553,594,87.57,25.4,50.0,37.68,18.84,43.86,56.39,32.06,40.25,77.97,19.67,43.61,30.51,6.78,48.61,43.61,38.74,40.41,1.0,18.0,1.0,19.0,5.0,18.0,1.0,18.0,1.0,18.0,1.0,17.0,3.0,16.0,1.0,19.0,1.0,17.0,1.0,18.0,1.0,11.0,9.0,14.0,5.0,14.0,17.0,15.0,12.0,15.0,1.0,17.0,4.0,14.0,11.0,15.0,4.0,15.0,10.0,15.0,3.0,8.0,17.0,16.0,12.0,14.0,6.0,14.0,19.0,11.0,2.0,19.0,10.0,14.0,2.0,12.0,1.0,17.0,3.0,17.0,2.0,13.0,2.0,13.0,13.0,19.0,9.0,6.0,5.0,1.0,8.0,12.0,8.0,13.0,8.0,2.0,18.0,1.0,14.0,17.0,19.0,15.0,13.0,20.0,20.0,5.0,12.0,12.0,5.0,18.0,17.0,1.0,5.0,5.0,4.0,1.0,4.0,2.0,15.0,13.0,17.0,14.0,12.0,8.0,16.0,2.0,19.0,2.0,11.0,3,5,0,0,15,1.0,1.0,17.0,16.0,1.0
Man Utd,Season,5,57.03,2843,3773,92,183,2077,3092,1681,2651,1876,2893,900,1315,483,751,694,1026,652,1477,1029,1174,47,104,9,23,299,283,112,150,7,11,19,36,40,77,27,45,54,114,24,28,17,42,13,44,38,63,16,51,19,14,5,14,7,7,6,4,1,3,80,89,38,36,133,133,66,67,216,216,79,77,349,349,145,144,69,65,42,42,167,85,178,226,41,27,48,49,49,48,532,586,85.74,22.12,53.0,24.56,6.14,40.45,50.38,35.65,41.26,80.93,19.15,37.46,44.44,12.96,47.5,49.62,36.57,41.55,5.0,15.0,2.0,20.0,1.0,15.0,2.0,15.0,2.0,15.0,2.0,16.0,1.0,15.0,2.0,15.0,4.0,16.0,2.0,8.0,4.0,17.0,1.0,18.0,1.0,16.0,15.0,20.0,6.0,11.0,6.0,18.0,2.0,15.0,1.0,15.0,1.0,18.0,1.0,7.0,2.0,20.0,2.0,16.0,1.0,14.0,1.0,19.0,1.0,4.0,11.0,10.0,1.0,10.0,7.0,10.0,14.0,6.0,2.0,14.0,11.0,7.0,10.0,13.0,13.0,17.0,15.0,16.0,16.0,13.0,14.0,19.0,19.0,16.0,16.0,15.0,17.0,11.0,11.0,2.0,20.0,17.0,2.0,5.0,19.0,15.0,17.0,17.0,15.0,20.0,18.0,3.0,8.0,2.0,18.0,16.0,8.0,11.0,6.0,8.0,9.0,15.0,20.0,1.0,4.0,4.0,10.0,5.0,7.0,1,2,1,2,7,10.0,5.0,9.0,9.0,10.0
Newcastle,Season,5,50.09,3062,3073,157,92,2331,2262,1864,1838,2111,2033,1066,968,544,542,721,752,926,734,938,1104,83,43,15,9,310,319,149,120,4,13,30,22,55,34,36,20,97,53,26,20,28,23,43,10,56,31,41,22,21,13,5,7,7,9,6,8,1,1,92,95,38,37,152,152,77,75,244,242,83,75,396,394,160,150,80,68,35,25,102,176,204,196,22,41,65,61,61,65,641,602,81.26,20.93,37.62,37.74,16.98,38.95,49.34,30.99,38.07,79.97,18.07,48.06,26.8,7.22,41.3,50.66,34.02,40.4,8.0,14.0,9.0,2.0,16.0,13.0,9.0,14.0,8.0,12.0,11.0,12.0,16.0,12.0,10.0,14.0,11.0,10.0,15.0,16.0,6.0,2.0,19.0,6.0,16.0,13.0,11.0,6.0,16.0,19.0,3.0,1.0,9.0,6.0,18.0,6.0,19.0,1.0,17.0,3.0,12.0,8.0,14.0,1.0,19.0,2.0,19.0,1.0,11.0,3.0,15.0,10.0,7.0,10.0,5.0,10.0,4.0,6.0,7.0,8.0,8.0,7.0,7.0,10.0,10.0,9.0,9.0,9.0,11.0,10.0,16.0,8.0,9.0,10.0,15.0,8.0,15.0,16.0,19.0,18.0,1.0,8.0,7.0,19.0,5.0,7.0,7.0,7.0,7.0,8.0,14.0,9.0,11.0,18.0,3.0,2.0,10.0,12.0,17.0,16.0,12.0,18.0,5.0,15.0,14.0,8.0,9.0,9.0,12.0,1,3,1,1,10,10.0,3.0,9.0,12.0,3.0
Nottingham Forest,Season,5,48.03,3157,2918,96,121,2345,2092,1867,1618,2103,1872,1062,1002,547,463,736,627,851,735,1016,883,65,66,13,19,324,374,144,169,6,13,23,17,36,59,28,43,52,82,15,15,21,39,16,28,33,48,19,34,10,9,5,6,5,4,4,3,1,1,125,92,45,35,180,180,82,98,278,271,85,90,458,451,167,188,83,91,54,25,135,163,181,205,39,43,62,75,75,62,671,649,77.34,28.79,45.19,18.29,4.88,38.04,54.44,33.21,41.69,79.62,20.0,44.44,28.85,9.62,36.0,45.56,30.58,36.46,11.0,12.0,17.0,18.0,11.0,12.0,17.0,13.0,16.0,14.0,17.0,13.0,13.0,11.0,15.0,13.0,16.0,14.0,14.0,11.0,16.0,9.0,7.0,11.0,3.0,9.0,2.0,8.0,3.0,15.0,3.0,10.0,17.0,19.0,2.0,13.0,3.0,20.0,3.0,19.0,19.0,17.0,3.0,14.0,4.0,19.0,7.0,16.0,2.0,18.0,20.0,10.0,8.0,12.0,16.0,12.0,17.0,6.0,7.0,1.0,9.0,1.0,11.0,6.0,6.0,7.0,4.0,3.0,3.0,9.0,3.0,2.0,3.0,4.0,3.0,7.0,3.0,3.0,19.0,9.0,3.0,16.0,5.0,6.0,3.0,9.0,1.0,1.0,9.0,7.0,5.0,15.0,3.0,8.0,20.0,18.0,14.0,3.0,12.0,6.0,13.0,12.0,9.0,14.0,10.0,17.0,18.0,16.0,19.0,1,1,2,2,5,10.0,13.0,5.0,9.0,13.0
Sunderland,Season,5,48.95,3067,2941,118,123,2331,2200,1878,1749,2110,1991,1015,1004,532,565,784,631,871,754,1007,995,58,63,14,16,300,360,131,190,7,12,19,20,43,43,30,34,60,66,16,19,24,25,20,22,42,45,18,21,14,14,2,5,10,6,8,5,2,1,97,73,35,37,176,176,86,90,229,222,69,82,405,398,155,172,62,78,39,40,136,122,164,186,32,37,71,65,65,71,623,600,79.5,25.4,52.78,28.79,9.09,50.68,51.14,36.94,43.22,80.57,24.14,43.67,26.67,16.67,36.08,48.86,30.13,38.27,9.0,13.0,15.0,13.0,10.0,13.0,14.0,12.0,14.0,13.0,14.0,14.0,12.0,14.0,8.0,12.0,15.0,13.0,12.0,14.0,11.0,12.0,9.0,9.0,5.0,15.0,4.0,16.0,1.0,11.0,5.0,18.0,13.0,13.0,14.0,11.0,10.0,13.0,12.0,18.0,13.0,13.0,8.0,11.0,11.0,12.0,10.0,18.0,13.0,13.0,11.0,20.0,10.0,3.0,10.0,3.0,9.0,3.0,7.0,6.0,14.0,13.0,7.0,7.0,7.0,6.0,5.0,14.0,15.0,15.0,10.0,6.0,6.0,14.0,4.0,18.0,11.0,12.0,13.0,8.0,13.0,19.0,13.0,17.0,8.0,2.0,4.0,4.0,2.0,10.0,15.0,14.0,5.0,3.0,13.0,12.0,2.0,9.0,4.0,3.0,10.0,5.0,11.0,16.0,1.0,16.0,12.0,18.0,15.0,1,1,1,3,4,10.0,13.0,9.0,3.0,14.0
Tottenham,Season,5,57.79,2748,3763,110,150,1927,2951,1543,2535,1716,2718,854,1125,420,658,653,1168,583,1385,960,1150,50,82,10,18,316,243,141,115,12,10,23,38,54,45,40,28,76,71,20,17,34,31,22,23,50,42,26,29,16,12,4,5,8,2,7,2,1,0,92,141,37,59,119,119,68,51,308,328,94,112,427,447,162,163,101,93,48,31,132,109,217,204,35,28,69,66,66,69,575,640,85.9,21.95,47.33,23.94,2.82,41.84,42.86,34.15,36.47,80.07,20.0,44.62,26.32,10.53,40.22,57.14,30.52,37.94,3.0,17.0,3.0,15.0,6.0,17.0,4.0,16.0,3.0,17.0,4.0,18.0,6.0,18.0,5.0,16.0,2.0,19.0,3.0,15.0,5.0,16.0,3.0,17.0,4.0,11.0,20.0,9.0,17.0,4.0,8.0,10.0,1.0,8.0,12.0,2.0,13.0,7.0,9.0,11.0,16.0,2.0,4.0,8.0,9.0,7.0,12.0,9.0,5.0,8.0,16.0,15.0,10.0,6.0,19.0,5.0,19.0,6.0,15.0,8.0,1.0,10.0,1.0,19.0,19.0,14.0,18.0,1.0,1.0,3.0,1.0,4.0,4.0,6.0,5.0,3.0,2.0,6.0,18.0,10.0,17.0,3.0,6.0,10.0,17.0,4.0,3.0,3.0,4.0,15.0,7.0,2.0,9.0,7.0,19.0,19.0,6.0,18.0,7.0,18.0,11.0,12.0,8.0,17.0,8.0,10.0,3.0,17.0,16.0,2,0,2,3,2,7.0,18.0,5.0,3.0,18.0
